path,labels,source,original_path,raw_duration_seconds,clean_duration_seconds
dataset/nepali_dataset_preprocessed/happy/happy_help_20260324_175604.wav,happy,NEPALI,dataset/nepali_dataset/happy/happy_help_20260324_175604.webm,3.84,2.176
dataset/nepali_dataset_preprocessed/happy/happy_help_20260324_175942.wav,happy,NEPALI,dataset/nepali_dataset/happy/happy_help_20260324_175942.webm,3.3,1.952
dataset/nepali_dataset_preprocessed/happy/happy_help_20260324_181233.wav,happy,NEPALI,dataset/nepali_dataset/happy/happy_help_20260324_181233.webm,3.0,2.176
dataset/nepali_dataset_preprocessed/happy/happy_help_20260324_181241.wav,happy,NEPALI,dataset/nepali_dataset/happy/happy_help_20260324_181241.webm,3.18,1.856
dataset/nepali_dataset_preprocessed/happy/happy_help_20260324_182202.wav,happy,NEPALI,dataset/nepali_dataset/happy/happy_help_20260324_182202.webm,4.2,3.04
dataset/nepali_dataset_preprocessed/happy/happy_help_20260324_182210.wav,happy,NEPALI,dataset/nepali_dataset/happy/happy_help_20260324_182210.webm,4.44,3.008
dataset/nepali_dataset_preprocessed/happy/happy_help_20260325_023436.wav,happy,NEPALI,dataset/nepali_dataset/happy/happy_help_20260325_023436.webm,3.66,2.624
dataset/nepali_dataset_preprocessed/happy/happy_help_20260325_023449.wav,happy,NEPALI,dataset/nepali_dataset/happy/happy_help_20260325_023449.webm,3.78,2.528
dataset/nepali_dataset_preprocessed/happy/happy_help_20260325_023503.wav,happy,NEPALI,dataset/nepali_dataset/happy/happy_help_20260325_023503.webm,2.94,2.656
dataset/nepali_dataset_preprocessed/happy/happy_help_20260325_023517.wav,happy,NEPALI,dataset/nepali_dataset/happy/happy_help_20260325_023517.webm,3.36,2.592
dataset/nepali_dataset_preprocessed/happy/happy_help_20260325_023537.wav,happy,NEPALI,dataset/nepali_dataset/happy/happy_help_20260325_023537.webm,4.62,3.232
dataset/nepali_dataset_preprocessed/happy/happy_help_20260325_023553.wav,happy,NEPALI,dataset/nepali_dataset/happy/happy_help_20260325_023553.webm,5.34,3.36
dataset/nepali_dataset_preprocessed/happy/happy_help_20260325_063104.wav,happy,NEPALI,dataset/nepali_dataset/happy/happy_help_20260325_063104.webm,4.44,1.824
dataset/nepali_dataset_preprocessed/happy/happy_help_20260325_063114.wav,happy,NEPALI,dataset/nepali_dataset/happy/happy_help_20260325_063114.webm,2.88,1.504
dataset/nepali_dataset_preprocessed/happy/happy_help_20260325_063243.wav,happy,NEPALI,dataset/nepali_dataset/happy/happy_help_20260325_063243.webm,2.94,1.28
dataset/nepali_dataset_preprocessed/happy/happy_help_20260325_063357.wav,happy,NEPALI,dataset/nepali_dataset/happy/happy_help_20260325_063357.webm,3.3,2.72
dataset/nepali_dataset_preprocessed/happy/happy_help_20260325_063446.wav,happy,NEPALI,dataset/nepali_dataset/happy/happy_help_20260325_063446.mp4,1.8097,1.248
dataset/nepali_dataset_preprocessed/happy/happy_help_20260325_063639.wav,happy,NEPALI,dataset/nepali_dataset/happy/happy_help_20260325_063639.webm,2.88,1.12
dataset/nepali_dataset_preprocessed/happy/happy_help_20260325_063647.wav,happy,NEPALI,dataset/nepali_dataset/happy/happy_help_20260325_063647.webm,2.94,1.216
dataset/nepali_dataset_preprocessed/happy/happy_help_20260325_063659.wav,happy,NEPALI,dataset/nepali_dataset/happy/happy_help_20260325_063659.webm,3.42,1.056
dataset/nepali_dataset_preprocessed/happy/happy_help_20260325_063707.wav,happy,NEPALI,dataset/nepali_dataset/happy/happy_help_20260325_063707.webm,2.88,1.216
dataset/nepali_dataset_preprocessed/happy/happy_help_20260325_063717.wav,happy,NEPALI,dataset/nepali_dataset/happy/happy_help_20260325_063717.webm,2.88,1.44
dataset/nepali_dataset_preprocessed/happy/happy_help_20260325_063726.wav,happy,NEPALI,dataset/nepali_dataset/happy/happy_help_20260325_063726.webm,3.6,1.728
dataset/nepali_dataset_preprocessed/happy/happy_help_20260325_063925.wav,happy,NEPALI,dataset/nepali_dataset/happy/happy_help_20260325_063925.webm,2.16,1.52
dataset/nepali_dataset_preprocessed/happy/happy_help_20260325_063933.wav,happy,NEPALI,dataset/nepali_dataset/happy/happy_help_20260325_063933.webm,2.94,1.632
dataset/nepali_dataset_preprocessed/happy/happy_help_20260325_064148.wav,happy,NEPALI,dataset/nepali_dataset/happy/happy_help_20260325_064148.webm,2.4,1.632
dataset/nepali_dataset_preprocessed/happy/happy_help_20260325_064158.wav,happy,NEPALI,dataset/nepali_dataset/happy/happy_help_20260325_064158.webm,2.82,1.888
dataset/nepali_dataset_preprocessed/happy/happy_help_20260325_064421.wav,happy,NEPALI,dataset/nepali_dataset/happy/happy_help_20260325_064421.webm,2.88,2.048
dataset/nepali_dataset_preprocessed/happy/happy_help_20260325_064428.wav,happy,NEPALI,dataset/nepali_dataset/happy/happy_help_20260325_064428.webm,3.18,2.272
dataset/nepali_dataset_preprocessed/happy/happy_help_20260325_065622.wav,happy,NEPALI,dataset/nepali_dataset/happy/happy_help_20260325_065622.mp4,5.78,3.008
dataset/nepali_dataset_preprocessed/happy/happy_help_20260325_065729.wav,happy,NEPALI,dataset/nepali_dataset/happy/happy_help_20260325_065729.webm,4.32,2.112
dataset/nepali_dataset_preprocessed/happy/happy_help_20260325_065830.wav,happy,NEPALI,dataset/nepali_dataset/happy/happy_help_20260325_065830.webm,3.36,1.696
dataset/nepali_dataset_preprocessed/happy/happy_help_20260325_065831.wav,happy,NEPALI,dataset/nepali_dataset/happy/happy_help_20260325_065831.webm,3.36,1.696
dataset/nepali_dataset_preprocessed/happy/happy_help_20260325_070047.wav,happy,NEPALI,dataset/nepali_dataset/happy/happy_help_20260325_070047.mp4,6.484,2.912
dataset/nepali_dataset_preprocessed/happy/happy_help_20260325_070743.wav,happy,NEPALI,dataset/nepali_dataset/happy/happy_help_20260325_070743.webm,3.48,2.016
dataset/nepali_dataset_preprocessed/happy/happy_help_20260325_070751.wav,happy,NEPALI,dataset/nepali_dataset/happy/happy_help_20260325_070751.webm,2.76,1.728
dataset/nepali_dataset_preprocessed/happy/happy_help_20260325_070817.wav,happy,NEPALI,dataset/nepali_dataset/happy/happy_help_20260325_070817.webm,2.52,1.472
dataset/nepali_dataset_preprocessed/happy/happy_help_20260325_070825.wav,happy,NEPALI,dataset/nepali_dataset/happy/happy_help_20260325_070825.webm,2.34,1.696
dataset/nepali_dataset_preprocessed/happy/happy_help_20260325_070838.wav,happy,NEPALI,dataset/nepali_dataset/happy/happy_help_20260325_070838.webm,3.96,2.304
dataset/nepali_dataset_preprocessed/happy/happy_help_20260325_070847.wav,happy,NEPALI,dataset/nepali_dataset/happy/happy_help_20260325_070847.webm,2.58,1.984
dataset/nepali_dataset_preprocessed/happy/happy_help_20260325_071233.wav,happy,NEPALI,dataset/nepali_dataset/happy/happy_help_20260325_071233.mp4,2.0187,1.568
dataset/nepali_dataset_preprocessed/happy/happy_help_20260325_071248.wav,happy,NEPALI,dataset/nepali_dataset/happy/happy_help_20260325_071248.mp4,1.9491,1.44
dataset/nepali_dataset_preprocessed/happy/happy_help_20260325_071312.wav,happy,NEPALI,dataset/nepali_dataset/happy/happy_help_20260325_071312.mp4,2.0187,1.12
dataset/nepali_dataset_preprocessed/happy/happy_help_20260325_071335.wav,happy,NEPALI,dataset/nepali_dataset/happy/happy_help_20260325_071335.mp4,3.6209,2.208
dataset/nepali_dataset_preprocessed/happy/happy_help_20260325_071451.wav,happy,NEPALI,dataset/nepali_dataset/happy/happy_help_20260325_071451.webm,2.52,2.016
dataset/nepali_dataset_preprocessed/happy/happy_help_20260325_071503.wav,happy,NEPALI,dataset/nepali_dataset/happy/happy_help_20260325_071503.webm,3.12,1.856
dataset/nepali_dataset_preprocessed/happy/happy_help_20260325_071509.wav,happy,NEPALI,dataset/nepali_dataset/happy/happy_help_20260325_071509.webm,2.7,1.696
dataset/nepali_dataset_preprocessed/happy/happy_help_20260325_071528.wav,happy,NEPALI,dataset/nepali_dataset/happy/happy_help_20260325_071528.webm,2.7,2.38
dataset/nepali_dataset_preprocessed/happy/happy_help_20260325_071536.wav,happy,NEPALI,dataset/nepali_dataset/happy/happy_help_20260325_071536.webm,2.82,2.528
dataset/nepali_dataset_preprocessed/happy/happy_help_20260325_072108.wav,happy,NEPALI,dataset/nepali_dataset/happy/happy_help_20260325_072108.webm,3.66,1.504
dataset/nepali_dataset_preprocessed/happy/happy_help_20260325_072115.wav,happy,NEPALI,dataset/nepali_dataset/happy/happy_help_20260325_072115.webm,3.66,1.504
dataset/nepali_dataset_preprocessed/happy/happy_help_20260325_072125.wav,happy,NEPALI,dataset/nepali_dataset/happy/happy_help_20260325_072125.webm,2.58,1.536
dataset/nepali_dataset_preprocessed/happy/happy_help_20260325_072127.wav,happy,NEPALI,dataset/nepali_dataset/happy/happy_help_20260325_072127.webm,4.38,1.408
dataset/nepali_dataset_preprocessed/happy/happy_help_20260325_072134.wav,happy,NEPALI,dataset/nepali_dataset/happy/happy_help_20260325_072134.webm,2.64,1.44
dataset/nepali_dataset_preprocessed/happy/happy_help_20260325_072136.wav,happy,NEPALI,dataset/nepali_dataset/happy/happy_help_20260325_072136.webm,3.06,1.696
dataset/nepali_dataset_preprocessed/happy/happy_help_20260325_072145.wav,happy,NEPALI,dataset/nepali_dataset/happy/happy_help_20260325_072145.webm,2.58,1.6
dataset/nepali_dataset_preprocessed/happy/happy_help_20260325_072146.wav,happy,NEPALI,dataset/nepali_dataset/happy/happy_help_20260325_072146.webm,3.66,1.536
dataset/nepali_dataset_preprocessed/happy/happy_help_20260325_072152.wav,happy,NEPALI,dataset/nepali_dataset/happy/happy_help_20260325_072152.webm,2.52,1.952
dataset/nepali_dataset_preprocessed/happy/happy_help_20260325_072156.wav,happy,NEPALI,dataset/nepali_dataset/happy/happy_help_20260325_072156.webm,3.24,1.92
dataset/nepali_dataset_preprocessed/happy/happy_help_20260325_072201.wav,happy,NEPALI,dataset/nepali_dataset/happy/happy_help_20260325_072201.webm,2.76,1.984
dataset/nepali_dataset_preprocessed/happy/happy_help_20260325_072205.wav,happy,NEPALI,dataset/nepali_dataset/happy/happy_help_20260325_072205.webm,4.62,2.304
dataset/nepali_dataset_preprocessed/happy/happy_help_20260325_072209.wav,happy,NEPALI,dataset/nepali_dataset/happy/happy_help_20260325_072209.webm,3.36,2.08
dataset/nepali_dataset_preprocessed/happy/happy_help_20260325_072624.wav,happy,NEPALI,dataset/nepali_dataset/happy/happy_help_20260325_072624.webm,3.84,1.984
dataset/nepali_dataset_preprocessed/happy/happy_help_20260325_072641.wav,happy,NEPALI,dataset/nepali_dataset/happy/happy_help_20260325_072641.webm,2.82,1.664
dataset/nepali_dataset_preprocessed/happy/happy_help_20260325_073119.wav,happy,NEPALI,dataset/nepali_dataset/happy/happy_help_20260325_073119.webm,2.04,1.216
dataset/nepali_dataset_preprocessed/happy/happy_help_20260325_073130.wav,happy,NEPALI,dataset/nepali_dataset/happy/happy_help_20260325_073130.webm,1.98,1.472
dataset/nepali_dataset_preprocessed/happy/happy_help_20260325_073143.wav,happy,NEPALI,dataset/nepali_dataset/happy/happy_help_20260325_073143.webm,2.58,1.792
dataset/nepali_dataset_preprocessed/happy/happy_help_20260325_073203.wav,happy,NEPALI,dataset/nepali_dataset/happy/happy_help_20260325_073203.webm,2.34,1.728
dataset/nepali_dataset_preprocessed/happy/happy_help_20260325_073825.wav,happy,NEPALI,dataset/nepali_dataset/happy/happy_help_20260325_073825.webm,3.24,2.336
dataset/nepali_dataset_preprocessed/happy/happy_help_20260325_073843.wav,happy,NEPALI,dataset/nepali_dataset/happy/happy_help_20260325_073843.webm,5.28,2.24
dataset/nepali_dataset_preprocessed/happy/happy_help_20260325_073857.wav,happy,NEPALI,dataset/nepali_dataset/happy/happy_help_20260325_073857.webm,4.02,2.656
dataset/nepali_dataset_preprocessed/happy/happy_help_20260325_073908.wav,happy,NEPALI,dataset/nepali_dataset/happy/happy_help_20260325_073908.webm,3.18,2.176
dataset/nepali_dataset_preprocessed/happy/happy_help_20260325_073923.wav,happy,NEPALI,dataset/nepali_dataset/happy/happy_help_20260325_073923.webm,2.58,1.984
dataset/nepali_dataset_preprocessed/happy/happy_help_20260325_073932.wav,happy,NEPALI,dataset/nepali_dataset/happy/happy_help_20260325_073932.webm,3.3,2.56
dataset/nepali_dataset_preprocessed/happy/happy_help_20260325_074626.wav,happy,NEPALI,dataset/nepali_dataset/happy/happy_help_20260325_074626.webm,4.38,3.26
dataset/nepali_dataset_preprocessed/happy/happy_help_20260325_074705.wav,happy,NEPALI,dataset/nepali_dataset/happy/happy_help_20260325_074705.webm,2.52,2.176
dataset/nepali_dataset_preprocessed/happy/happy_help_20260325_074717.wav,happy,NEPALI,dataset/nepali_dataset/happy/happy_help_20260325_074717.webm,2.7,1.984
dataset/nepali_dataset_preprocessed/happy/happy_help_20260325_074720.wav,happy,NEPALI,dataset/nepali_dataset/happy/happy_help_20260325_074720.webm,2.7,1.984
dataset/nepali_dataset_preprocessed/happy/happy_help_20260325_074755.wav,happy,NEPALI,dataset/nepali_dataset/happy/happy_help_20260325_074755.webm,2.76,1.536
dataset/nepali_dataset_preprocessed/happy/happy_help_20260325_074823.wav,happy,NEPALI,dataset/nepali_dataset/happy/happy_help_20260325_074823.webm,2.22,1.76
dataset/nepali_dataset_preprocessed/happy/happy_help_20260325_074841.wav,happy,NEPALI,dataset/nepali_dataset/happy/happy_help_20260325_074841.webm,3.9,2.56
dataset/nepali_dataset_preprocessed/happy/happy_help_20260325_074852.wav,happy,NEPALI,dataset/nepali_dataset/happy/happy_help_20260325_074852.webm,3.36,2.816
dataset/nepali_dataset_preprocessed/happy/happy_help_20260325_074901.wav,happy,NEPALI,dataset/nepali_dataset/happy/happy_help_20260325_074901.webm,3.54,2.612
dataset/nepali_dataset_preprocessed/sad/sad_help_20260324_175626.wav,sad,NEPALI,dataset/nepali_dataset/sad/sad_help_20260324_175626.webm,5.88,2.08
dataset/nepali_dataset_preprocessed/sad/sad_help_20260324_175956.wav,sad,NEPALI,dataset/nepali_dataset/sad/sad_help_20260324_175956.webm,2.94,1.632
dataset/nepali_dataset_preprocessed/sad/sad_help_20260324_181310.wav,sad,NEPALI,dataset/nepali_dataset/sad/sad_help_20260324_181310.webm,3.24,2.08
dataset/nepali_dataset_preprocessed/sad/sad_help_20260324_181319.wav,sad,NEPALI,dataset/nepali_dataset/sad/sad_help_20260324_181319.webm,3.9,2.112
dataset/nepali_dataset_preprocessed/sad/sad_help_20260324_182218.wav,sad,NEPALI,dataset/nepali_dataset/sad/sad_help_20260324_182218.webm,3.66,2.56
dataset/nepali_dataset_preprocessed/sad/sad_help_20260324_182227.wav,sad,NEPALI,dataset/nepali_dataset/sad/sad_help_20260324_182227.webm,3.84,2.752
dataset/nepali_dataset_preprocessed/sad/sad_help_20260325_023624.wav,sad,NEPALI,dataset/nepali_dataset/sad/sad_help_20260325_023624.webm,4.26,2.432
dataset/nepali_dataset_preprocessed/sad/sad_help_20260325_023640.wav,sad,NEPALI,dataset/nepali_dataset/sad/sad_help_20260325_023640.webm,4.5,2.016
dataset/nepali_dataset_preprocessed/sad/sad_help_20260325_023658.wav,sad,NEPALI,dataset/nepali_dataset/sad/sad_help_20260325_023658.webm,4.38,2.784
dataset/nepali_dataset_preprocessed/sad/sad_help_20260325_023716.wav,sad,NEPALI,dataset/nepali_dataset/sad/sad_help_20260325_023716.webm,4.68,2.56
dataset/nepali_dataset_preprocessed/sad/sad_help_20260325_023731.wav,sad,NEPALI,dataset/nepali_dataset/sad/sad_help_20260325_023731.webm,4.44,2.464
dataset/nepali_dataset_preprocessed/sad/sad_help_20260325_023747.wav,sad,NEPALI,dataset/nepali_dataset/sad/sad_help_20260325_023747.webm,4.86,2.784
dataset/nepali_dataset_preprocessed/sad/sad_help_20260325_063123.wav,sad,NEPALI,dataset/nepali_dataset/sad/sad_help_20260325_063123.webm,3.24,1.568
dataset/nepali_dataset_preprocessed/sad/sad_help_20260325_063129.wav,sad,NEPALI,dataset/nepali_dataset/sad/sad_help_20260325_063129.mp4,3.528,2.24
dataset/nepali_dataset_preprocessed/sad/sad_help_20260325_063245.wav,sad,NEPALI,dataset/nepali_dataset/sad/sad_help_20260325_063245.webm,3.96,3.96
dataset/nepali_dataset_preprocessed/sad/sad_help_20260325_063252.wav,sad,NEPALI,dataset/nepali_dataset/sad/sad_help_20260325_063252.webm,3.18,1.888
dataset/nepali_dataset_preprocessed/sad/sad_help_20260325_063406.wav,sad,NEPALI,dataset/nepali_dataset/sad/sad_help_20260325_063406.webm,3.18,2.464
dataset/nepali_dataset_preprocessed/sad/sad_help_20260325_063751.wav,sad,NEPALI,dataset/nepali_dataset/sad/sad_help_20260325_063751.webm,3.36,1.888
dataset/nepali_dataset_preprocessed/sad/sad_help_20260325_063800.wav,sad,NEPALI,dataset/nepali_dataset/sad/sad_help_20260325_063800.webm,3.36,2.048
dataset/nepali_dataset_preprocessed/sad/sad_help_20260325_063810.wav,sad,NEPALI,dataset/nepali_dataset/sad/sad_help_20260325_063810.webm,3.66,1.344
dataset/nepali_dataset_preprocessed/sad/sad_help_20260325_063820.wav,sad,NEPALI,dataset/nepali_dataset/sad/sad_help_20260325_063820.webm,3.24,1.472
dataset/nepali_dataset_preprocessed/sad/sad_help_20260325_063829.wav,sad,NEPALI,dataset/nepali_dataset/sad/sad_help_20260325_063829.webm,4.2,2.08
dataset/nepali_dataset_preprocessed/sad/sad_help_20260325_063839.wav,sad,NEPALI,dataset/nepali_dataset/sad/sad_help_20260325_063839.webm,3.84,2.016
dataset/nepali_dataset_preprocessed/sad/sad_help_20260325_063848.wav,sad,NEPALI,dataset/nepali_dataset/sad/sad_help_20260325_063848.webm,2.22,1.248
dataset/nepali_dataset_preprocessed/sad/sad_help_20260325_063941.wav,sad,NEPALI,dataset/nepali_dataset/sad/sad_help_20260325_063941.webm,3.0,1.92
dataset/nepali_dataset_preprocessed/sad/sad_help_20260325_063956.wav,sad,NEPALI,dataset/nepali_dataset/sad/sad_help_20260325_063956.webm,3.3,2.016
dataset/nepali_dataset_preprocessed/sad/sad_help_20260325_064212.wav,sad,NEPALI,dataset/nepali_dataset/sad/sad_help_20260325_064212.webm,2.94,1.728
dataset/nepali_dataset_preprocessed/sad/sad_help_20260325_064218.wav,sad,NEPALI,dataset/nepali_dataset/sad/sad_help_20260325_064218.webm,1.86,1.504
dataset/nepali_dataset_preprocessed/sad/sad_help_20260325_064437.wav,sad,NEPALI,dataset/nepali_dataset/sad/sad_help_20260325_064437.webm,3.3,2.368
dataset/nepali_dataset_preprocessed/sad/sad_help_20260325_064444.wav,sad,NEPALI,dataset/nepali_dataset/sad/sad_help_20260325_064444.webm,3.54,2.56
dataset/nepali_dataset_preprocessed/sad/sad_help_20260325_065042.wav,sad,NEPALI,dataset/nepali_dataset/sad/sad_help_20260325_065042.webm,3.9,2.72
dataset/nepali_dataset_preprocessed/sad/sad_help_20260325_070003.wav,sad,NEPALI,dataset/nepali_dataset/sad/sad_help_20260325_070003.webm,4.26,2.592
dataset/nepali_dataset_preprocessed/sad/sad_help_20260325_070223.wav,sad,NEPALI,dataset/nepali_dataset/sad/sad_help_20260325_070223.webm,3.36,2.496
dataset/nepali_dataset_preprocessed/sad/sad_help_20260325_070237.wav,sad,NEPALI,dataset/nepali_dataset/sad/sad_help_20260325_070237.webm,3.48,2.528
dataset/nepali_dataset_preprocessed/sad/sad_help_20260325_070904.wav,sad,NEPALI,dataset/nepali_dataset/sad/sad_help_20260325_070904.webm,2.46,1.536
dataset/nepali_dataset_preprocessed/sad/sad_help_20260325_070914.wav,sad,NEPALI,dataset/nepali_dataset/sad/sad_help_20260325_070914.webm,2.76,1.664
dataset/nepali_dataset_preprocessed/sad/sad_help_20260325_070924.wav,sad,NEPALI,dataset/nepali_dataset/sad/sad_help_20260325_070924.webm,2.58,1.716
dataset/nepali_dataset_preprocessed/sad/sad_help_20260325_070932.wav,sad,NEPALI,dataset/nepali_dataset/sad/sad_help_20260325_070932.webm,2.7,1.632
dataset/nepali_dataset_preprocessed/sad/sad_help_20260325_070943.wav,sad,NEPALI,dataset/nepali_dataset/sad/sad_help_20260325_070943.webm,3.0,2.112
dataset/nepali_dataset_preprocessed/sad/sad_help_20260325_070952.wav,sad,NEPALI,dataset/nepali_dataset/sad/sad_help_20260325_070952.webm,3.48,2.176
dataset/nepali_dataset_preprocessed/sad/sad_help_20260325_071326.wav,sad,NEPALI,dataset/nepali_dataset/sad/sad_help_20260325_071326.webm,2.94,2.24
dataset/nepali_dataset_preprocessed/sad/sad_help_20260325_071349.wav,sad,NEPALI,dataset/nepali_dataset/sad/sad_help_20260325_071349.webm,2.52,2.144
dataset/nepali_dataset_preprocessed/sad/sad_help_20260325_071355.wav,sad,NEPALI,dataset/nepali_dataset/sad/sad_help_20260325_071355.mp4,3.0404,2.272
dataset/nepali_dataset_preprocessed/sad/sad_help_20260325_071401.wav,sad,NEPALI,dataset/nepali_dataset/sad/sad_help_20260325_071401.webm,4.02,2.112
dataset/nepali_dataset_preprocessed/sad/sad_help_20260325_071408.wav,sad,NEPALI,dataset/nepali_dataset/sad/sad_help_20260325_071408.webm,2.64,2.08
dataset/nepali_dataset_preprocessed/sad/sad_help_20260325_071416.wav,sad,NEPALI,dataset/nepali_dataset/sad/sad_help_20260325_071416.mp4,4.2942,2.976
dataset/nepali_dataset_preprocessed/sad/sad_help_20260325_071419.wav,sad,NEPALI,dataset/nepali_dataset/sad/sad_help_20260325_071419.webm,3.54,2.88
dataset/nepali_dataset_preprocessed/sad/sad_help_20260325_071430.wav,sad,NEPALI,dataset/nepali_dataset/sad/sad_help_20260325_071430.webm,3.48,2.976
dataset/nepali_dataset_preprocessed/sad/sad_help_20260325_071434.wav,sad,NEPALI,dataset/nepali_dataset/sad/sad_help_20260325_071434.mp4,3.5513,2.112
dataset/nepali_dataset_preprocessed/sad/sad_help_20260325_071504.wav,sad,NEPALI,dataset/nepali_dataset/sad/sad_help_20260325_071504.mp4,3.2494,2.208
dataset/nepali_dataset_preprocessed/sad/sad_help_20260325_071524.wav,sad,NEPALI,dataset/nepali_dataset/sad/sad_help_20260325_071524.mp4,4.3175,2.912
dataset/nepali_dataset_preprocessed/sad/sad_help_20260325_072222.wav,sad,NEPALI,dataset/nepali_dataset/sad/sad_help_20260325_072222.webm,5.64,1.728
dataset/nepali_dataset_preprocessed/sad/sad_help_20260325_072224.wav,sad,NEPALI,dataset/nepali_dataset/sad/sad_help_20260325_072224.webm,5.34,2.112
dataset/nepali_dataset_preprocessed/sad/sad_help_20260325_072226.wav,sad,NEPALI,dataset/nepali_dataset/sad/sad_help_20260325_072226.webm,5.34,2.112
dataset/nepali_dataset_preprocessed/sad/sad_help_20260325_072231.wav,sad,NEPALI,dataset/nepali_dataset/sad/sad_help_20260325_072231.webm,3.6,1.888
dataset/nepali_dataset_preprocessed/sad/sad_help_20260325_072237.wav,sad,NEPALI,dataset/nepali_dataset/sad/sad_help_20260325_072237.webm,3.06,1.632
dataset/nepali_dataset_preprocessed/sad/sad_help_20260325_072240.wav,sad,NEPALI,dataset/nepali_dataset/sad/sad_help_20260325_072240.webm,3.06,1.76
dataset/nepali_dataset_preprocessed/sad/sad_help_20260325_072247.wav,sad,NEPALI,dataset/nepali_dataset/sad/sad_help_20260325_072247.webm,3.18,1.984
dataset/nepali_dataset_preprocessed/sad/sad_help_20260325_072257.wav,sad,NEPALI,dataset/nepali_dataset/sad/sad_help_20260325_072257.webm,3.36,2.272
dataset/nepali_dataset_preprocessed/sad/sad_help_20260325_072303.wav,sad,NEPALI,dataset/nepali_dataset/sad/sad_help_20260325_072303.webm,3.06,1.056
dataset/nepali_dataset_preprocessed/sad/sad_help_20260325_072305.wav,sad,NEPALI,dataset/nepali_dataset/sad/sad_help_20260325_072305.webm,3.96,2.4
dataset/nepali_dataset_preprocessed/sad/sad_help_20260325_072328.wav,sad,NEPALI,dataset/nepali_dataset/sad/sad_help_20260325_072328.webm,3.42,2.684
dataset/nepali_dataset_preprocessed/sad/sad_help_20260325_072337.wav,sad,NEPALI,dataset/nepali_dataset/sad/sad_help_20260325_072337.webm,3.36,2.24
dataset/nepali_dataset_preprocessed/sad/sad_help_20260325_072653.wav,sad,NEPALI,dataset/nepali_dataset/sad/sad_help_20260325_072653.webm,2.4,1.6
dataset/nepali_dataset_preprocessed/sad/sad_help_20260325_072703.wav,sad,NEPALI,dataset/nepali_dataset/sad/sad_help_20260325_072703.webm,2.94,2.24
dataset/nepali_dataset_preprocessed/sad/sad_help_20260325_073217.wav,sad,NEPALI,dataset/nepali_dataset/sad/sad_help_20260325_073217.webm,3.0,2.464
dataset/nepali_dataset_preprocessed/sad/sad_help_20260325_073226.wav,sad,NEPALI,dataset/nepali_dataset/sad/sad_help_20260325_073226.webm,2.58,2.048
dataset/nepali_dataset_preprocessed/sad/sad_help_20260325_073236.wav,sad,NEPALI,dataset/nepali_dataset/sad/sad_help_20260325_073236.webm,2.4,1.824
dataset/nepali_dataset_preprocessed/sad/sad_help_20260325_073303.wav,sad,NEPALI,dataset/nepali_dataset/sad/sad_help_20260325_073303.webm,3.42,2.08
dataset/nepali_dataset_preprocessed/sad/sad_help_20260325_073954.wav,sad,NEPALI,dataset/nepali_dataset/sad/sad_help_20260325_073954.webm,2.64,1.664
dataset/nepali_dataset_preprocessed/sad/sad_help_20260325_074003.wav,sad,NEPALI,dataset/nepali_dataset/sad/sad_help_20260325_074003.webm,2.4,1.6
dataset/nepali_dataset_preprocessed/sad/sad_help_20260325_074013.wav,sad,NEPALI,dataset/nepali_dataset/sad/sad_help_20260325_074013.webm,2.82,2.24
dataset/nepali_dataset_preprocessed/sad/sad_help_20260325_074022.wav,sad,NEPALI,dataset/nepali_dataset/sad/sad_help_20260325_074022.webm,2.7,1.888
dataset/nepali_dataset_preprocessed/sad/sad_help_20260325_074030.wav,sad,NEPALI,dataset/nepali_dataset/sad/sad_help_20260325_074030.webm,2.4,1.664
dataset/nepali_dataset_preprocessed/sad/sad_help_20260325_074038.wav,sad,NEPALI,dataset/nepali_dataset/sad/sad_help_20260325_074038.webm,3.3,2.4
dataset/nepali_dataset_preprocessed/sad/sad_help_20260325_074420.wav,sad,NEPALI,dataset/nepali_dataset/sad/sad_help_20260325_074420.webm,5.52,2.912
dataset/nepali_dataset_preprocessed/sad/sad_help_20260325_074436.wav,sad,NEPALI,dataset/nepali_dataset/sad/sad_help_20260325_074436.webm,4.5,2.24
dataset/nepali_dataset_preprocessed/sad/sad_help_20260325_074437.wav,sad,NEPALI,dataset/nepali_dataset/sad/sad_help_20260325_074437.webm,4.5,2.24
dataset/nepali_dataset_preprocessed/sad/sad_help_20260325_074912.wav,sad,NEPALI,dataset/nepali_dataset/sad/sad_help_20260325_074912.webm,3.06,2.452
dataset/nepali_dataset_preprocessed/sad/sad_help_20260325_074913.wav,sad,NEPALI,dataset/nepali_dataset/sad/sad_help_20260325_074913.webm,3.06,2.452
dataset/nepali_dataset_preprocessed/sad/sad_help_20260325_074917.wav,sad,NEPALI,dataset/nepali_dataset/sad/sad_help_20260325_074917.webm,2.76,2.208
dataset/nepali_dataset_preprocessed/sad/sad_help_20260325_074933.wav,sad,NEPALI,dataset/nepali_dataset/sad/sad_help_20260325_074933.webm,3.66,2.912
dataset/nepali_dataset_preprocessed/sad/sad_help_20260325_074947.wav,sad,NEPALI,dataset/nepali_dataset/sad/sad_help_20260325_074947.webm,3.24,2.272
dataset/nepali_dataset_preprocessed/sad/sad_help_20260325_074957.wav,sad,NEPALI,dataset/nepali_dataset/sad/sad_help_20260325_074957.webm,4.32,2.56
dataset/nepali_dataset_preprocessed/sad/sad_help_20260325_075011.wav,sad,NEPALI,dataset/nepali_dataset/sad/sad_help_20260325_075011.webm,3.84,2.88
dataset/nepali_dataset_preprocessed/sad/sad_help_20260325_075023.wav,sad,NEPALI,dataset/nepali_dataset/sad/sad_help_20260325_075023.webm,4.74,3.84
dataset/nepali_dataset_preprocessed/sad/sad_help_20260325_075035.wav,sad,NEPALI,dataset/nepali_dataset/sad/sad_help_20260325_075035.webm,4.2,3.616
dataset/nepali_dataset_preprocessed/sad/sad_help_20260325_075041.wav,sad,NEPALI,dataset/nepali_dataset/sad/sad_help_20260325_075041.webm,4.2,3.616
dataset/nepali_dataset_preprocessed/fear/fear_help_20260324_175539.wav,fear,NEPALI,dataset/nepali_dataset/fear/fear_help_20260324_175539.webm,3.84,1.856
dataset/nepali_dataset_preprocessed/fear/fear_help_20260324_175930.wav,fear,NEPALI,dataset/nepali_dataset/fear/fear_help_20260324_175930.webm,3.66,1.952
dataset/nepali_dataset_preprocessed/fear/fear_help_20260324_181050.wav,fear,NEPALI,dataset/nepali_dataset/fear/fear_help_20260324_181050.webm,2.4,1.312
dataset/nepali_dataset_preprocessed/fear/fear_help_20260324_181142.wav,fear,NEPALI,dataset/nepali_dataset/fear/fear_help_20260324_181142.webm,2.88,1.344
dataset/nepali_dataset_preprocessed/fear/fear_help_20260324_181144.wav,fear,NEPALI,dataset/nepali_dataset/fear/fear_help_20260324_181144.webm,2.7,1.376
dataset/nepali_dataset_preprocessed/fear/fear_help_20260324_181145.wav,fear,NEPALI,dataset/nepali_dataset/fear/fear_help_20260324_181145.webm,2.7,1.376
dataset/nepali_dataset_preprocessed/fear/fear_help_20260324_181147.wav,fear,NEPALI,dataset/nepali_dataset/fear/fear_help_20260324_181147.webm,2.88,1.344
dataset/nepali_dataset_preprocessed/fear/fear_help_20260324_181148.wav,fear,NEPALI,dataset/nepali_dataset/fear/fear_help_20260324_181148.webm,2.88,1.344
dataset/nepali_dataset_preprocessed/fear/fear_help_20260324_181149.wav,fear,NEPALI,dataset/nepali_dataset/fear/fear_help_20260324_181149.webm,2.88,1.344
dataset/nepali_dataset_preprocessed/fear/fear_help_20260324_181150.wav,fear,NEPALI,dataset/nepali_dataset/fear/fear_help_20260324_181150.webm,2.7,1.376
dataset/nepali_dataset_preprocessed/fear/fear_help_20260324_181151.wav,fear,NEPALI,dataset/nepali_dataset/fear/fear_help_20260324_181151.webm,2.88,1.344
dataset/nepali_dataset_preprocessed/fear/fear_help_20260324_181152.wav,fear,NEPALI,dataset/nepali_dataset/fear/fear_help_20260324_181152.webm,2.7,1.376
dataset/nepali_dataset_preprocessed/fear/fear_help_20260324_181153.wav,fear,NEPALI,dataset/nepali_dataset/fear/fear_help_20260324_181153.webm,2.88,1.344
dataset/nepali_dataset_preprocessed/fear/fear_help_20260324_181215.wav,fear,NEPALI,dataset/nepali_dataset/fear/fear_help_20260324_181215.webm,3.0,1.312
dataset/nepali_dataset_preprocessed/fear/fear_help_20260324_182145.wav,fear,NEPALI,dataset/nepali_dataset/fear/fear_help_20260324_182145.webm,3.66,2.528
dataset/nepali_dataset_preprocessed/fear/fear_help_20260324_182153.wav,fear,NEPALI,dataset/nepali_dataset/fear/fear_help_20260324_182153.webm,3.9,2.432
dataset/nepali_dataset_preprocessed/fear/fear_help_20260325_023219.wav,fear,NEPALI,dataset/nepali_dataset/fear/fear_help_20260325_023219.webm,2.28,1.728
dataset/nepali_dataset_preprocessed/fear/fear_help_20260325_023232.wav,fear,NEPALI,dataset/nepali_dataset/fear/fear_help_20260325_023232.webm,2.76,1.728
dataset/nepali_dataset_preprocessed/fear/fear_help_20260325_023249.wav,fear,NEPALI,dataset/nepali_dataset/fear/fear_help_20260325_023249.webm,3.84,2.56
dataset/nepali_dataset_preprocessed/fear/fear_help_20260325_023311.wav,fear,NEPALI,dataset/nepali_dataset/fear/fear_help_20260325_023311.webm,3.3,2.592
dataset/nepali_dataset_preprocessed/fear/fear_help_20260325_023326.wav,fear,NEPALI,dataset/nepali_dataset/fear/fear_help_20260325_023326.webm,3.3,2.208
dataset/nepali_dataset_preprocessed/fear/fear_help_20260325_023346.wav,fear,NEPALI,dataset/nepali_dataset/fear/fear_help_20260325_023346.webm,4.68,2.688
dataset/nepali_dataset_preprocessed/fear/fear_help_20260325_023401.wav,fear,NEPALI,dataset/nepali_dataset/fear/fear_help_20260325_023401.webm,4.02,2.816
dataset/nepali_dataset_preprocessed/fear/fear_help_20260325_063051.wav,fear,NEPALI,dataset/nepali_dataset/fear/fear_help_20260325_063051.webm,3.12,1.312
dataset/nepali_dataset_preprocessed/fear/fear_help_20260325_063235.wav,fear,NEPALI,dataset/nepali_dataset/fear/fear_help_20260325_063235.webm,3.42,1.376
dataset/nepali_dataset_preprocessed/fear/fear_help_20260325_063347.wav,fear,NEPALI,dataset/nepali_dataset/fear/fear_help_20260325_063347.webm,3.18,2.24
dataset/nepali_dataset_preprocessed/fear/fear_help_20260325_063529.wav,fear,NEPALI,dataset/nepali_dataset/fear/fear_help_20260325_063529.webm,2.46,1.12
dataset/nepali_dataset_preprocessed/fear/fear_help_20260325_063538.wav,fear,NEPALI,dataset/nepali_dataset/fear/fear_help_20260325_063538.webm,2.82,1.184
dataset/nepali_dataset_preprocessed/fear/fear_help_20260325_063547.wav,fear,NEPALI,dataset/nepali_dataset/fear/fear_help_20260325_063547.webm,2.34,1.056
dataset/nepali_dataset_preprocessed/fear/fear_help_20260325_063558.wav,fear,NEPALI,dataset/nepali_dataset/fear/fear_help_20260325_063558.webm,2.76,1.12
dataset/nepali_dataset_preprocessed/fear/fear_help_20260325_063607.wav,fear,NEPALI,dataset/nepali_dataset/fear/fear_help_20260325_063607.webm,2.88,1.76
dataset/nepali_dataset_preprocessed/fear/fear_help_20260325_063621.wav,fear,NEPALI,dataset/nepali_dataset/fear/fear_help_20260325_063621.webm,3.66,1.728
dataset/nepali_dataset_preprocessed/fear/fear_help_20260325_063910.wav,fear,NEPALI,dataset/nepali_dataset/fear/fear_help_20260325_063910.webm,2.1,1.376
dataset/nepali_dataset_preprocessed/fear/fear_help_20260325_063917.wav,fear,NEPALI,dataset/nepali_dataset/fear/fear_help_20260325_063917.webm,2.1,1.312
dataset/nepali_dataset_preprocessed/fear/fear_help_20260325_064123.wav,fear,NEPALI,dataset/nepali_dataset/fear/fear_help_20260325_064123.webm,2.34,1.312
dataset/nepali_dataset_preprocessed/fear/fear_help_20260325_064128.wav,fear,NEPALI,dataset/nepali_dataset/fear/fear_help_20260325_064128.webm,2.34,1.312
dataset/nepali_dataset_preprocessed/fear/fear_help_20260325_064406.wav,fear,NEPALI,dataset/nepali_dataset/fear/fear_help_20260325_064406.webm,2.52,1.976
dataset/nepali_dataset_preprocessed/fear/fear_help_20260325_064412.wav,fear,NEPALI,dataset/nepali_dataset/fear/fear_help_20260325_064412.webm,2.82,2.272
dataset/nepali_dataset_preprocessed/fear/fear_help_20260325_065712.wav,fear,NEPALI,dataset/nepali_dataset/fear/fear_help_20260325_065712.webm,3.72,2.08
dataset/nepali_dataset_preprocessed/fear/fear_help_20260325_070106.wav,fear,NEPALI,dataset/nepali_dataset/fear/fear_help_20260325_070106.webm,2.76,1.76
dataset/nepali_dataset_preprocessed/fear/fear_help_20260325_070120.wav,fear,NEPALI,dataset/nepali_dataset/fear/fear_help_20260325_070120.webm,2.76,1.824
dataset/nepali_dataset_preprocessed/fear/fear_help_20260325_070418.wav,fear,NEPALI,dataset/nepali_dataset/fear/fear_help_20260325_070418.webm,2.76,1.984
dataset/nepali_dataset_preprocessed/fear/fear_help_20260325_070432.wav,fear,NEPALI,dataset/nepali_dataset/fear/fear_help_20260325_070432.webm,2.28,1.44
dataset/nepali_dataset_preprocessed/fear/fear_help_20260325_070634.wav,fear,NEPALI,dataset/nepali_dataset/fear/fear_help_20260325_070634.webm,3.0,1.6
dataset/nepali_dataset_preprocessed/fear/fear_help_20260325_070643.wav,fear,NEPALI,dataset/nepali_dataset/fear/fear_help_20260325_070643.webm,2.58,1.728
dataset/nepali_dataset_preprocessed/fear/fear_help_20260325_070648.wav,fear,NEPALI,dataset/nepali_dataset/fear/fear_help_20260325_070648.webm,2.58,1.728
dataset/nepali_dataset_preprocessed/fear/fear_help_20260325_070720.wav,fear,NEPALI,dataset/nepali_dataset/fear/fear_help_20260325_070720.webm,2.82,1.824
dataset/nepali_dataset_preprocessed/fear/fear_help_20260325_070730.wav,fear,NEPALI,dataset/nepali_dataset/fear/fear_help_20260325_070730.webm,2.94,2.336
dataset/nepali_dataset_preprocessed/fear/fear_help_20260325_071104.wav,fear,NEPALI,dataset/nepali_dataset/fear/fear_help_20260325_071104.mp4,2.9243,2.272
dataset/nepali_dataset_preprocessed/fear/fear_help_20260325_071119.wav,fear,NEPALI,dataset/nepali_dataset/fear/fear_help_20260325_071119.mp4,1.9955,1.376
dataset/nepali_dataset_preprocessed/fear/fear_help_20260325_071135.wav,fear,NEPALI,dataset/nepali_dataset/fear/fear_help_20260325_071135.mp4,2.2277,1.536
dataset/nepali_dataset_preprocessed/fear/fear_help_20260325_071202.wav,fear,NEPALI,dataset/nepali_dataset/fear/fear_help_20260325_071202.mp4,2.6456,2.016
dataset/nepali_dataset_preprocessed/fear/fear_help_20260325_071741.wav,fear,NEPALI,dataset/nepali_dataset/fear/fear_help_20260325_071741.webm,2.64,2.272
dataset/nepali_dataset_preprocessed/fear/fear_help_20260325_071751.wav,fear,NEPALI,dataset/nepali_dataset/fear/fear_help_20260325_071751.webm,2.76,2.24
dataset/nepali_dataset_preprocessed/fear/fear_help_20260325_071814.wav,fear,NEPALI,dataset/nepali_dataset/fear/fear_help_20260325_071814.webm,4.14,2.24
dataset/nepali_dataset_preprocessed/fear/fear_help_20260325_071822.wav,fear,NEPALI,dataset/nepali_dataset/fear/fear_help_20260325_071822.webm,3.54,2.08
dataset/nepali_dataset_preprocessed/fear/fear_help_20260325_071843.wav,fear,NEPALI,dataset/nepali_dataset/fear/fear_help_20260325_071843.webm,3.0,2.84
dataset/nepali_dataset_preprocessed/fear/fear_help_20260325_071859.wav,fear,NEPALI,dataset/nepali_dataset/fear/fear_help_20260325_071859.webm,3.18,2.784
dataset/nepali_dataset_preprocessed/fear/fear_help_20260325_071953.wav,fear,NEPALI,dataset/nepali_dataset/fear/fear_help_20260325_071953.webm,2.58,1.6
dataset/nepali_dataset_preprocessed/fear/fear_help_20260325_071955.wav,fear,NEPALI,dataset/nepali_dataset/fear/fear_help_20260325_071955.webm,2.58,1.6
dataset/nepali_dataset_preprocessed/fear/fear_help_20260325_071957.wav,fear,NEPALI,dataset/nepali_dataset/fear/fear_help_20260325_071957.webm,3.78,1.12
dataset/nepali_dataset_preprocessed/fear/fear_help_20260325_072007.wav,fear,NEPALI,dataset/nepali_dataset/fear/fear_help_20260325_072007.webm,3.6,1.504
dataset/nepali_dataset_preprocessed/fear/fear_help_20260325_072009.wav,fear,NEPALI,dataset/nepali_dataset/fear/fear_help_20260325_072009.webm,2.82,1.696
dataset/nepali_dataset_preprocessed/fear/fear_help_20260325_072020.wav,fear,NEPALI,dataset/nepali_dataset/fear/fear_help_20260325_072020.webm,4.32,1.568
dataset/nepali_dataset_preprocessed/fear/fear_help_20260325_072027.wav,fear,NEPALI,dataset/nepali_dataset/fear/fear_help_20260325_072027.webm,3.66,1.536
dataset/nepali_dataset_preprocessed/fear/fear_help_20260325_072036.wav,fear,NEPALI,dataset/nepali_dataset/fear/fear_help_20260325_072036.webm,3.36,1.888
dataset/nepali_dataset_preprocessed/fear/fear_help_20260325_072037.wav,fear,NEPALI,dataset/nepali_dataset/fear/fear_help_20260325_072037.webm,2.7,1.28
dataset/nepali_dataset_preprocessed/fear/fear_help_20260325_072048.wav,fear,NEPALI,dataset/nepali_dataset/fear/fear_help_20260325_072048.webm,2.34,1.376
dataset/nepali_dataset_preprocessed/fear/fear_help_20260325_072056.wav,fear,NEPALI,dataset/nepali_dataset/fear/fear_help_20260325_072056.webm,3.48,1.792
dataset/nepali_dataset_preprocessed/fear/fear_help_20260325_072102.wav,fear,NEPALI,dataset/nepali_dataset/fear/fear_help_20260325_072102.webm,3.0,2.08
dataset/nepali_dataset_preprocessed/fear/fear_help_20260325_072111.wav,fear,NEPALI,dataset/nepali_dataset/fear/fear_help_20260325_072111.webm,3.66,2.112
dataset/nepali_dataset_preprocessed/fear/fear_help_20260325_072534.wav,fear,NEPALI,dataset/nepali_dataset/fear/fear_help_20260325_072534.webm,3.36,1.792
dataset/nepali_dataset_preprocessed/fear/fear_help_20260325_072556.wav,fear,NEPALI,dataset/nepali_dataset/fear/fear_help_20260325_072556.webm,4.8,2.848
dataset/nepali_dataset_preprocessed/fear/fear_help_20260325_073024.wav,fear,NEPALI,dataset/nepali_dataset/fear/fear_help_20260325_073024.webm,1.98,1.248
dataset/nepali_dataset_preprocessed/fear/fear_help_20260325_073033.wav,fear,NEPALI,dataset/nepali_dataset/fear/fear_help_20260325_073033.webm,1.92,1.152
dataset/nepali_dataset_preprocessed/fear/fear_help_20260325_073048.wav,fear,NEPALI,dataset/nepali_dataset/fear/fear_help_20260325_073048.webm,2.7,1.632
dataset/nepali_dataset_preprocessed/fear/fear_help_20260325_073059.wav,fear,NEPALI,dataset/nepali_dataset/fear/fear_help_20260325_073059.webm,2.64,1.856
dataset/nepali_dataset_preprocessed/fear/fear_help_20260325_073709.wav,fear,NEPALI,dataset/nepali_dataset/fear/fear_help_20260325_073709.webm,2.64,1.6
dataset/nepali_dataset_preprocessed/fear/fear_help_20260325_073722.wav,fear,NEPALI,dataset/nepali_dataset/fear/fear_help_20260325_073722.webm,3.18,1.952
dataset/nepali_dataset_preprocessed/fear/fear_help_20260325_073738.wav,fear,NEPALI,dataset/nepali_dataset/fear/fear_help_20260325_073738.webm,3.3,2.496
dataset/nepali_dataset_preprocessed/fear/fear_help_20260325_073750.wav,fear,NEPALI,dataset/nepali_dataset/fear/fear_help_20260325_073750.webm,3.3,1.92
dataset/nepali_dataset_preprocessed/fear/fear_help_20260325_073759.wav,fear,NEPALI,dataset/nepali_dataset/fear/fear_help_20260325_073759.webm,2.46,1.856
dataset/nepali_dataset_preprocessed/fear/fear_help_20260325_073807.wav,fear,NEPALI,dataset/nepali_dataset/fear/fear_help_20260325_073807.webm,3.42,2.56
dataset/nepali_dataset_preprocessed/fear/fear_help_20260325_074231.wav,fear,NEPALI,dataset/nepali_dataset/fear/fear_help_20260325_074231.webm,2.52,1.216
dataset/nepali_dataset_preprocessed/fear/fear_help_20260325_074352.wav,fear,NEPALI,dataset/nepali_dataset/fear/fear_help_20260325_074352.webm,4.8,3.392
dataset/nepali_dataset_preprocessed/fear/fear_help_20260325_074354.wav,fear,NEPALI,dataset/nepali_dataset/fear/fear_help_20260325_074354.webm,4.8,3.392
dataset/nepali_dataset_preprocessed/fear/fear_help_20260325_074453.wav,fear,NEPALI,dataset/nepali_dataset/fear/fear_help_20260325_074453.webm,3.36,2.048
dataset/nepali_dataset_preprocessed/fear/fear_help_20260325_074509.wav,fear,NEPALI,dataset/nepali_dataset/fear/fear_help_20260325_074509.webm,2.58,1.696
dataset/nepali_dataset_preprocessed/fear/fear_help_20260325_074559.wav,fear,NEPALI,dataset/nepali_dataset/fear/fear_help_20260325_074559.webm,3.54,2.4
dataset/nepali_dataset_preprocessed/fear/fear_help_20260325_074608.wav,fear,NEPALI,dataset/nepali_dataset/fear/fear_help_20260325_074608.webm,2.94,2.304
dataset/nepali_dataset_preprocessed/fear/fear_help_20260325_074614.wav,fear,NEPALI,dataset/nepali_dataset/fear/fear_help_20260325_074614.webm,3.18,1.868
dataset/nepali_dataset_preprocessed/fear/fear_help_20260325_074638.wav,fear,NEPALI,dataset/nepali_dataset/fear/fear_help_20260325_074638.webm,3.84,2.912
dataset/nepali_dataset_preprocessed/fear/fear_help_20260325_074642.wav,fear,NEPALI,dataset/nepali_dataset/fear/fear_help_20260325_074642.webm,3.84,2.912
dataset/nepali_dataset_preprocessed/fear/fear_help_20260325_074849.wav,fear,NEPALI,dataset/nepali_dataset/fear/fear_help_20260325_074849.webm,4.2,2.4
dataset/nepali_dataset_preprocessed/fear/fear_help_20260325_074851.wav,fear,NEPALI,dataset/nepali_dataset/fear/fear_help_20260325_074851.webm,4.2,2.4
dataset/nepali_dataset_preprocessed/surprise/surprise_help_20260324_175849.wav,surprise,NEPALI,dataset/nepali_dataset/surprise/surprise_help_20260324_175849.webm,3.6,2.272
dataset/nepali_dataset_preprocessed/surprise/surprise_help_20260324_180021.wav,surprise,NEPALI,dataset/nepali_dataset/surprise/surprise_help_20260324_180021.webm,3.24,1.728
dataset/nepali_dataset_preprocessed/surprise/surprise_help_20260324_181329.wav,surprise,NEPALI,dataset/nepali_dataset/surprise/surprise_help_20260324_181329.webm,2.7,1.472
dataset/nepali_dataset_preprocessed/surprise/surprise_help_20260324_181330.wav,surprise,NEPALI,dataset/nepali_dataset/surprise/surprise_help_20260324_181330.webm,2.7,1.472
dataset/nepali_dataset_preprocessed/surprise/surprise_help_20260324_181339.wav,surprise,NEPALI,dataset/nepali_dataset/surprise/surprise_help_20260324_181339.webm,3.72,2.08
dataset/nepali_dataset_preprocessed/surprise/surprise_help_20260324_182253.wav,surprise,NEPALI,dataset/nepali_dataset/surprise/surprise_help_20260324_182253.webm,4.02,2.592
dataset/nepali_dataset_preprocessed/surprise/surprise_help_20260324_182301.wav,surprise,NEPALI,dataset/nepali_dataset/surprise/surprise_help_20260324_182301.webm,3.66,2.464
dataset/nepali_dataset_preprocessed/surprise/surprise_help_20260325_024032.wav,surprise,NEPALI,dataset/nepali_dataset/surprise/surprise_help_20260325_024032.webm,2.64,1.6
dataset/nepali_dataset_preprocessed/surprise/surprise_help_20260325_024045.wav,surprise,NEPALI,dataset/nepali_dataset/surprise/surprise_help_20260325_024045.webm,3.06,1.92
dataset/nepali_dataset_preprocessed/surprise/surprise_help_20260325_024100.wav,surprise,NEPALI,dataset/nepali_dataset/surprise/surprise_help_20260325_024100.webm,2.82,1.6
dataset/nepali_dataset_preprocessed/surprise/surprise_help_20260325_024112.wav,surprise,NEPALI,dataset/nepali_dataset/surprise/surprise_help_20260325_024112.webm,2.88,2.048
dataset/nepali_dataset_preprocessed/surprise/surprise_help_20260325_024129.wav,surprise,NEPALI,dataset/nepali_dataset/surprise/surprise_help_20260325_024129.webm,3.84,2.496
dataset/nepali_dataset_preprocessed/surprise/surprise_help_20260325_024145.wav,surprise,NEPALI,dataset/nepali_dataset/surprise/surprise_help_20260325_024145.webm,3.96,2.624
dataset/nepali_dataset_preprocessed/surprise/surprise_help_20260325_024149.wav,surprise,NEPALI,dataset/nepali_dataset/surprise/surprise_help_20260325_024149.webm,3.96,2.624
dataset/nepali_dataset_preprocessed/surprise/surprise_help_20260325_024151.wav,surprise,NEPALI,dataset/nepali_dataset/surprise/surprise_help_20260325_024151.webm,3.96,2.624
dataset/nepali_dataset_preprocessed/surprise/surprise_help_20260325_063146.wav,surprise,NEPALI,dataset/nepali_dataset/surprise/surprise_help_20260325_063146.webm,3.24,1.376
dataset/nepali_dataset_preprocessed/surprise/surprise_help_20260325_063312.wav,surprise,NEPALI,dataset/nepali_dataset/surprise/surprise_help_20260325_063312.webm,2.7,1.76
dataset/nepali_dataset_preprocessed/surprise/surprise_help_20260325_063425.wav,surprise,NEPALI,dataset/nepali_dataset/surprise/surprise_help_20260325_063425.webm,3.42,1.984
dataset/nepali_dataset_preprocessed/surprise/surprise_help_20260325_064018.wav,surprise,NEPALI,dataset/nepali_dataset/surprise/surprise_help_20260325_064018.webm,2.16,1.024
dataset/nepali_dataset_preprocessed/surprise/surprise_help_20260325_064029.wav,surprise,NEPALI,dataset/nepali_dataset/surprise/surprise_help_20260325_064029.webm,2.16,0.96
dataset/nepali_dataset_preprocessed/surprise/surprise_help_20260325_064036.wav,surprise,NEPALI,dataset/nepali_dataset/surprise/surprise_help_20260325_064036.webm,2.4,1.472
dataset/nepali_dataset_preprocessed/surprise/surprise_help_20260325_064042.wav,surprise,NEPALI,dataset/nepali_dataset/surprise/surprise_help_20260325_064042.webm,2.52,1.664
dataset/nepali_dataset_preprocessed/surprise/surprise_help_20260325_064047.wav,surprise,NEPALI,dataset/nepali_dataset/surprise/surprise_help_20260325_064047.webm,2.46,0.96
dataset/nepali_dataset_preprocessed/surprise/surprise_help_20260325_064055.wav,surprise,NEPALI,dataset/nepali_dataset/surprise/surprise_help_20260325_064055.webm,2.58,1.056
dataset/nepali_dataset_preprocessed/surprise/surprise_help_20260325_064105.wav,surprise,NEPALI,dataset/nepali_dataset/surprise/surprise_help_20260325_064105.webm,2.52,1.344
dataset/nepali_dataset_preprocessed/surprise/surprise_help_20260325_064113.wav,surprise,NEPALI,dataset/nepali_dataset/surprise/surprise_help_20260325_064113.webm,2.58,1.088
dataset/nepali_dataset_preprocessed/surprise/surprise_help_20260325_064247.wav,surprise,NEPALI,dataset/nepali_dataset/surprise/surprise_help_20260325_064247.webm,2.16,1.408
dataset/nepali_dataset_preprocessed/surprise/surprise_help_20260325_064254.wav,surprise,NEPALI,dataset/nepali_dataset/surprise/surprise_help_20260325_064254.webm,2.46,1.408
dataset/nepali_dataset_preprocessed/surprise/surprise_help_20260325_064511.wav,surprise,NEPALI,dataset/nepali_dataset/surprise/surprise_help_20260325_064511.webm,2.1,1.684
dataset/nepali_dataset_preprocessed/surprise/surprise_help_20260325_064517.wav,surprise,NEPALI,dataset/nepali_dataset/surprise/surprise_help_20260325_064517.webm,2.52,1.856
dataset/nepali_dataset_preprocessed/surprise/surprise_help_20260325_065121.wav,surprise,NEPALI,dataset/nepali_dataset/surprise/surprise_help_20260325_065121.webm,3.96,2.048
dataset/nepali_dataset_preprocessed/surprise/surprise_help_20260325_065745.wav,surprise,NEPALI,dataset/nepali_dataset/surprise/surprise_help_20260325_065745.webm,2.82,1.568
dataset/nepali_dataset_preprocessed/surprise/surprise_help_20260325_070058.wav,surprise,NEPALI,dataset/nepali_dataset/surprise/surprise_help_20260325_070058.webm,3.72,1.952
dataset/nepali_dataset_preprocessed/surprise/surprise_help_20260325_070349.wav,surprise,NEPALI,dataset/nepali_dataset/surprise/surprise_help_20260325_070349.webm,2.28,1.216
dataset/nepali_dataset_preprocessed/surprise/surprise_help_20260325_070404.wav,surprise,NEPALI,dataset/nepali_dataset/surprise/surprise_help_20260325_070404.webm,4.02,1.504
dataset/nepali_dataset_preprocessed/surprise/surprise_help_20260325_071101.wav,surprise,NEPALI,dataset/nepali_dataset/surprise/surprise_help_20260325_071101.webm,2.64,1.984
dataset/nepali_dataset_preprocessed/surprise/surprise_help_20260325_071111.wav,surprise,NEPALI,dataset/nepali_dataset/surprise/surprise_help_20260325_071111.webm,2.46,1.44
dataset/nepali_dataset_preprocessed/surprise/surprise_help_20260325_071136.wav,surprise,NEPALI,dataset/nepali_dataset/surprise/surprise_help_20260325_071136.webm,2.46,1.792
dataset/nepali_dataset_preprocessed/surprise/surprise_help_20260325_071139.wav,surprise,NEPALI,dataset/nepali_dataset/surprise/surprise_help_20260325_071139.webm,2.46,1.792
dataset/nepali_dataset_preprocessed/surprise/surprise_help_20260325_071148.wav,surprise,NEPALI,dataset/nepali_dataset/surprise/surprise_help_20260325_071148.webm,2.7,1.612
dataset/nepali_dataset_preprocessed/surprise/surprise_help_20260325_071208.wav,surprise,NEPALI,dataset/nepali_dataset/surprise/surprise_help_20260325_071208.webm,2.46,1.6
dataset/nepali_dataset_preprocessed/surprise/surprise_help_20260325_071216.wav,surprise,NEPALI,dataset/nepali_dataset/surprise/surprise_help_20260325_071216.webm,2.46,2.144
dataset/nepali_dataset_preprocessed/surprise/surprise_help_20260325_071220.wav,surprise,NEPALI,dataset/nepali_dataset/surprise/surprise_help_20260325_071220.webm,3.0,1.792
dataset/nepali_dataset_preprocessed/surprise/surprise_help_20260325_071225.wav,surprise,NEPALI,dataset/nepali_dataset/surprise/surprise_help_20260325_071225.webm,2.88,2.208
dataset/nepali_dataset_preprocessed/surprise/surprise_help_20260325_071237.wav,surprise,NEPALI,dataset/nepali_dataset/surprise/surprise_help_20260325_071237.webm,2.58,1.76
dataset/nepali_dataset_preprocessed/surprise/surprise_help_20260325_071258.wav,surprise,NEPALI,dataset/nepali_dataset/surprise/surprise_help_20260325_071258.webm,2.52,1.568
dataset/nepali_dataset_preprocessed/surprise/surprise_help_20260325_071306.wav,surprise,NEPALI,dataset/nepali_dataset/surprise/surprise_help_20260325_071306.webm,3.06,2.176
dataset/nepali_dataset_preprocessed/surprise/surprise_help_20260325_071313.wav,surprise,NEPALI,dataset/nepali_dataset/surprise/surprise_help_20260325_071313.webm,3.6,2.336
dataset/nepali_dataset_preprocessed/surprise/surprise_help_20260325_072414.wav,surprise,NEPALI,dataset/nepali_dataset/surprise/surprise_help_20260325_072414.webm,2.88,1.248
dataset/nepali_dataset_preprocessed/surprise/surprise_help_20260325_072421.wav,surprise,NEPALI,dataset/nepali_dataset/surprise/surprise_help_20260325_072421.webm,3.0,1.76
dataset/nepali_dataset_preprocessed/surprise/surprise_help_20260325_072430.wav,surprise,NEPALI,dataset/nepali_dataset/surprise/surprise_help_20260325_072430.webm,4.74,1.696
dataset/nepali_dataset_preprocessed/surprise/surprise_help_20260325_072437.wav,surprise,NEPALI,dataset/nepali_dataset/surprise/surprise_help_20260325_072437.webm,3.24,1.376
dataset/nepali_dataset_preprocessed/surprise/surprise_help_20260325_072445.wav,surprise,NEPALI,dataset/nepali_dataset/surprise/surprise_help_20260325_072445.webm,2.94,1.6
dataset/nepali_dataset_preprocessed/surprise/surprise_help_20260325_072452.wav,surprise,NEPALI,dataset/nepali_dataset/surprise/surprise_help_20260325_072452.webm,3.12,1.568
dataset/nepali_dataset_preprocessed/surprise/surprise_help_20260325_072524.wav,surprise,NEPALI,dataset/nepali_dataset/surprise/surprise_help_20260325_072524.webm,3.84,1.568
dataset/nepali_dataset_preprocessed/surprise/surprise_help_20260325_072555.wav,surprise,NEPALI,dataset/nepali_dataset/surprise/surprise_help_20260325_072555.webm,2.52,1.408
dataset/nepali_dataset_preprocessed/surprise/surprise_help_20260325_072628.wav,surprise,NEPALI,dataset/nepali_dataset/surprise/surprise_help_20260325_072628.webm,4.5,1.472
dataset/nepali_dataset_preprocessed/surprise/surprise_help_20260325_072639.wav,surprise,NEPALI,dataset/nepali_dataset/surprise/surprise_help_20260325_072639.webm,2.52,1.728
dataset/nepali_dataset_preprocessed/surprise/surprise_help_20260325_072654.wav,surprise,NEPALI,dataset/nepali_dataset/surprise/surprise_help_20260325_072654.webm,3.9,2.24
dataset/nepali_dataset_preprocessed/surprise/surprise_help_20260325_072726.wav,surprise,NEPALI,dataset/nepali_dataset/surprise/surprise_help_20260325_072726.webm,3.42,2.528
dataset/nepali_dataset_preprocessed/surprise/surprise_help_20260325_072737.wav,surprise,NEPALI,dataset/nepali_dataset/surprise/surprise_help_20260325_072737.webm,3.18,2.304
dataset/nepali_dataset_preprocessed/surprise/surprise_help_20260325_072743.wav,surprise,NEPALI,dataset/nepali_dataset/surprise/surprise_help_20260325_072743.webm,2.16,1.28
dataset/nepali_dataset_preprocessed/surprise/surprise_help_20260325_072811.wav,surprise,NEPALI,dataset/nepali_dataset/surprise/surprise_help_20260325_072811.webm,2.82,1.664
dataset/nepali_dataset_preprocessed/surprise/surprise_help_20260325_073413.wav,surprise,NEPALI,dataset/nepali_dataset/surprise/surprise_help_20260325_073413.webm,1.68,1.184
dataset/nepali_dataset_preprocessed/surprise/surprise_help_20260325_073426.wav,surprise,NEPALI,dataset/nepali_dataset/surprise/surprise_help_20260325_073426.webm,1.62,1.216
dataset/nepali_dataset_preprocessed/surprise/surprise_help_20260325_073437.wav,surprise,NEPALI,dataset/nepali_dataset/surprise/surprise_help_20260325_073437.webm,3.06,1.856
dataset/nepali_dataset_preprocessed/surprise/surprise_help_20260325_073449.wav,surprise,NEPALI,dataset/nepali_dataset/surprise/surprise_help_20260325_073449.webm,3.42,2.08
dataset/nepali_dataset_preprocessed/surprise/surprise_help_20260325_074233.wav,surprise,NEPALI,dataset/nepali_dataset/surprise/surprise_help_20260325_074233.webm,2.64,1.76
dataset/nepali_dataset_preprocessed/surprise/surprise_help_20260325_074242.wav,surprise,NEPALI,dataset/nepali_dataset/surprise/surprise_help_20260325_074242.webm,2.46,1.824
dataset/nepali_dataset_preprocessed/surprise/surprise_help_20260325_074251.wav,surprise,NEPALI,dataset/nepali_dataset/surprise/surprise_help_20260325_074251.webm,2.7,2.464
dataset/nepali_dataset_preprocessed/surprise/surprise_help_20260325_074301.wav,surprise,NEPALI,dataset/nepali_dataset/surprise/surprise_help_20260325_074301.webm,2.76,1.984
dataset/nepali_dataset_preprocessed/surprise/surprise_help_20260325_074308.wav,surprise,NEPALI,dataset/nepali_dataset/surprise/surprise_help_20260325_074308.webm,2.52,1.888
dataset/nepali_dataset_preprocessed/surprise/surprise_help_20260325_074315.wav,surprise,NEPALI,dataset/nepali_dataset/surprise/surprise_help_20260325_074315.webm,2.7,2.464
dataset/nepali_dataset_preprocessed/surprise/surprise_help_20260325_074525.wav,surprise,NEPALI,dataset/nepali_dataset/surprise/surprise_help_20260325_074525.webm,2.58,1.556
dataset/nepali_dataset_preprocessed/surprise/surprise_help_20260325_074526.wav,surprise,NEPALI,dataset/nepali_dataset/surprise/surprise_help_20260325_074526.webm,2.58,1.556
dataset/nepali_dataset_preprocessed/surprise/surprise_help_20260325_074528.wav,surprise,NEPALI,dataset/nepali_dataset/surprise/surprise_help_20260325_074528.webm,2.58,1.556
dataset/nepali_dataset_preprocessed/surprise/surprise_help_20260325_074730.wav,surprise,NEPALI,dataset/nepali_dataset/surprise/surprise_help_20260325_074730.webm,4.62,1.6
dataset/nepali_dataset_preprocessed/surprise/surprise_help_20260325_074733.wav,surprise,NEPALI,dataset/nepali_dataset/surprise/surprise_help_20260325_074733.webm,4.62,1.6
dataset/nepali_dataset_preprocessed/surprise/surprise_help_20260325_074735.wav,surprise,NEPALI,dataset/nepali_dataset/surprise/surprise_help_20260325_074735.webm,4.62,1.6
dataset/nepali_dataset_preprocessed/surprise/surprise_help_20260325_075000.wav,surprise,NEPALI,dataset/nepali_dataset/surprise/surprise_help_20260325_075000.webm,5.58,2.336
dataset/nepali_dataset_preprocessed/surprise/surprise_help_20260325_075202.wav,surprise,NEPALI,dataset/nepali_dataset/surprise/surprise_help_20260325_075202.webm,3.24,1.824
dataset/nepali_dataset_preprocessed/surprise/surprise_help_20260325_075211.wav,surprise,NEPALI,dataset/nepali_dataset/surprise/surprise_help_20260325_075211.webm,2.88,1.792
dataset/nepali_dataset_preprocessed/surprise/surprise_help_20260325_075222.wav,surprise,NEPALI,dataset/nepali_dataset/surprise/surprise_help_20260325_075222.webm,2.46,1.312
dataset/nepali_dataset_preprocessed/surprise/surprise_help_20260325_075235.wav,surprise,NEPALI,dataset/nepali_dataset/surprise/surprise_help_20260325_075235.webm,3.42,1.696
dataset/nepali_dataset_preprocessed/surprise/surprise_help_20260325_075247.wav,surprise,NEPALI,dataset/nepali_dataset/surprise/surprise_help_20260325_075247.webm,3.78,2.432
dataset/nepali_dataset_preprocessed/surprise/surprise_help_20260325_075257.wav,surprise,NEPALI,dataset/nepali_dataset/surprise/surprise_help_20260325_075257.webm,3.72,2.688
dataset/nepali_dataset_preprocessed/neutral/neutral_help_20260324_173122.wav,neutral,NEPALI,dataset/nepali_dataset/neutral/neutral_help_20260324_173122.mp4,5.9197,5.024
dataset/nepali_dataset_preprocessed/neutral/neutral_help_20260324_175836.wav,neutral,NEPALI,dataset/nepali_dataset/neutral/neutral_help_20260324_175836.webm,3.78,2.144
dataset/nepali_dataset_preprocessed/neutral/neutral_help_20260324_180008.wav,neutral,NEPALI,dataset/nepali_dataset/neutral/neutral_help_20260324_180008.webm,3.3,1.888
dataset/nepali_dataset_preprocessed/neutral/neutral_help_20260324_181250.wav,neutral,NEPALI,dataset/nepali_dataset/neutral/neutral_help_20260324_181250.webm,3.6,2.24
dataset/nepali_dataset_preprocessed/neutral/neutral_help_20260324_181258.wav,neutral,NEPALI,dataset/nepali_dataset/neutral/neutral_help_20260324_181258.webm,3.54,2.272
dataset/nepali_dataset_preprocessed/neutral/neutral_help_20260324_182235.wav,neutral,NEPALI,dataset/nepali_dataset/neutral/neutral_help_20260324_182235.webm,4.2,3.136
dataset/nepali_dataset_preprocessed/neutral/neutral_help_20260324_182244.wav,neutral,NEPALI,dataset/nepali_dataset/neutral/neutral_help_20260324_182244.webm,4.5,3.104
dataset/nepali_dataset_preprocessed/neutral/neutral_help_20260325_023817.wav,neutral,NEPALI,dataset/nepali_dataset/neutral/neutral_help_20260325_023817.webm,4.26,2.944
dataset/nepali_dataset_preprocessed/neutral/neutral_help_20260325_023831.wav,neutral,NEPALI,dataset/nepali_dataset/neutral/neutral_help_20260325_023831.webm,4.08,2.4
dataset/nepali_dataset_preprocessed/neutral/neutral_help_20260325_023846.wav,neutral,NEPALI,dataset/nepali_dataset/neutral/neutral_help_20260325_023846.webm,3.36,2.144
dataset/nepali_dataset_preprocessed/neutral/neutral_help_20260325_023909.wav,neutral,NEPALI,dataset/nepali_dataset/neutral/neutral_help_20260325_023909.webm,3.84,2.336
dataset/nepali_dataset_preprocessed/neutral/neutral_help_20260325_023928.wav,neutral,NEPALI,dataset/nepali_dataset/neutral/neutral_help_20260325_023928.webm,4.62,3.84
dataset/nepali_dataset_preprocessed/neutral/neutral_help_20260325_023949.wav,neutral,NEPALI,dataset/nepali_dataset/neutral/neutral_help_20260325_023949.webm,5.22,3.904
dataset/nepali_dataset_preprocessed/neutral/neutral_help_20260325_063136.wav,neutral,NEPALI,dataset/nepali_dataset/neutral/neutral_help_20260325_063136.webm,3.0,1.088
dataset/nepali_dataset_preprocessed/neutral/neutral_help_20260325_063303.wav,neutral,NEPALI,dataset/nepali_dataset/neutral/neutral_help_20260325_063303.webm,5.82,1.536
dataset/nepali_dataset_preprocessed/neutral/neutral_help_20260325_063304.wav,neutral,NEPALI,dataset/nepali_dataset/neutral/neutral_help_20260325_063304.webm,5.82,1.536
dataset/nepali_dataset_preprocessed/neutral/neutral_help_20260325_063416.wav,neutral,NEPALI,dataset/nepali_dataset/neutral/neutral_help_20260325_063416.webm,3.12,2.176
dataset/nepali_dataset_preprocessed/neutral/neutral_help_20260325_063859.wav,neutral,NEPALI,dataset/nepali_dataset/neutral/neutral_help_20260325_063859.webm,2.4,1.664
dataset/nepali_dataset_preprocessed/neutral/neutral_help_20260325_063908.wav,neutral,NEPALI,dataset/nepali_dataset/neutral/neutral_help_20260325_063908.webm,2.16,1.12
dataset/nepali_dataset_preprocessed/neutral/neutral_help_20260325_063915.wav,neutral,NEPALI,dataset/nepali_dataset/neutral/neutral_help_20260325_063915.webm,2.7,1.216
dataset/nepali_dataset_preprocessed/neutral/neutral_help_20260325_063926.wav,neutral,NEPALI,dataset/nepali_dataset/neutral/neutral_help_20260325_063926.webm,2.34,1.216
dataset/nepali_dataset_preprocessed/neutral/neutral_help_20260325_063947.wav,neutral,NEPALI,dataset/nepali_dataset/neutral/neutral_help_20260325_063947.webm,2.52,1.376
dataset/nepali_dataset_preprocessed/neutral/neutral_help_20260325_063955.wav,neutral,NEPALI,dataset/nepali_dataset/neutral/neutral_help_20260325_063955.webm,3.24,1.696
dataset/nepali_dataset_preprocessed/neutral/neutral_help_20260325_064004.wav,neutral,NEPALI,dataset/nepali_dataset/neutral/neutral_help_20260325_064004.webm,3.18,2.272
dataset/nepali_dataset_preprocessed/neutral/neutral_help_20260325_064009.wav,neutral,NEPALI,dataset/nepali_dataset/neutral/neutral_help_20260325_064009.webm,3.18,2.272
dataset/nepali_dataset_preprocessed/neutral/neutral_help_20260325_064010.wav,neutral,NEPALI,dataset/nepali_dataset/neutral/neutral_help_20260325_064010.webm,3.18,2.272
dataset/nepali_dataset_preprocessed/neutral/neutral_help_20260325_064011.wav,neutral,NEPALI,dataset/nepali_dataset/neutral/neutral_help_20260325_064011.webm,3.18,2.272
dataset/nepali_dataset_preprocessed/neutral/neutral_help_20260325_064227.wav,neutral,NEPALI,dataset/nepali_dataset/neutral/neutral_help_20260325_064227.webm,2.28,1.632
dataset/nepali_dataset_preprocessed/neutral/neutral_help_20260325_064240.wav,neutral,NEPALI,dataset/nepali_dataset/neutral/neutral_help_20260325_064240.webm,2.52,1.664
dataset/nepali_dataset_preprocessed/neutral/neutral_help_20260325_064452.wav,neutral,NEPALI,dataset/nepali_dataset/neutral/neutral_help_20260325_064452.webm,3.12,2.608
dataset/nepali_dataset_preprocessed/neutral/neutral_help_20260325_064459.wav,neutral,NEPALI,dataset/nepali_dataset/neutral/neutral_help_20260325_064459.webm,2.88,2.336
dataset/nepali_dataset_preprocessed/neutral/neutral_help_20260325_065007.wav,neutral,NEPALI,dataset/nepali_dataset/neutral/neutral_help_20260325_065007.webm,4.2,2.016
dataset/nepali_dataset_preprocessed/neutral/neutral_help_20260325_065008.wav,neutral,NEPALI,dataset/nepali_dataset/neutral/neutral_help_20260325_065008.webm,4.2,2.016
dataset/nepali_dataset_preprocessed/neutral/neutral_help_20260325_065406.wav,neutral,NEPALI,dataset/nepali_dataset/neutral/neutral_help_20260325_065406.webm,3.12,2.08
dataset/nepali_dataset_preprocessed/neutral/neutral_help_20260325_065813.wav,neutral,NEPALI,dataset/nepali_dataset/neutral/neutral_help_20260325_065813.webm,2.64,1.824
dataset/nepali_dataset_preprocessed/neutral/neutral_help_20260325_065948.wav,neutral,NEPALI,dataset/nepali_dataset/neutral/neutral_help_20260325_065948.webm,2.4,1.888
dataset/nepali_dataset_preprocessed/neutral/neutral_help_20260325_070002.wav,neutral,NEPALI,dataset/nepali_dataset/neutral/neutral_help_20260325_070002.webm,3.96,2.144
dataset/nepali_dataset_preprocessed/neutral/neutral_help_20260325_071004.wav,neutral,NEPALI,dataset/nepali_dataset/neutral/neutral_help_20260325_071004.webm,1.98,1.98
dataset/nepali_dataset_preprocessed/neutral/neutral_help_20260325_071018.wav,neutral,NEPALI,dataset/nepali_dataset/neutral/neutral_help_20260325_071018.webm,3.12,1.344
dataset/nepali_dataset_preprocessed/neutral/neutral_help_20260325_071025.wav,neutral,NEPALI,dataset/nepali_dataset/neutral/neutral_help_20260325_071025.webm,1.98,1.44
dataset/nepali_dataset_preprocessed/neutral/neutral_help_20260325_071027.wav,neutral,NEPALI,dataset/nepali_dataset/neutral/neutral_help_20260325_071027.webm,2.64,1.568
dataset/nepali_dataset_preprocessed/neutral/neutral_help_20260325_071033.wav,neutral,NEPALI,dataset/nepali_dataset/neutral/neutral_help_20260325_071033.webm,2.4,1.504
dataset/nepali_dataset_preprocessed/neutral/neutral_help_20260325_071043.wav,neutral,NEPALI,dataset/nepali_dataset/neutral/neutral_help_20260325_071043.webm,2.28,1.984
dataset/nepali_dataset_preprocessed/neutral/neutral_help_20260325_071051.wav,neutral,NEPALI,dataset/nepali_dataset/neutral/neutral_help_20260325_071051.webm,2.76,1.952
dataset/nepali_dataset_preprocessed/neutral/neutral_help_20260325_071055.wav,neutral,NEPALI,dataset/nepali_dataset/neutral/neutral_help_20260325_071055.webm,3.54,1.792
dataset/nepali_dataset_preprocessed/neutral/neutral_help_20260325_071109.wav,neutral,NEPALI,dataset/nepali_dataset/neutral/neutral_help_20260325_071109.webm,3.12,1.952
dataset/nepali_dataset_preprocessed/neutral/neutral_help_20260325_071120.wav,neutral,NEPALI,dataset/nepali_dataset/neutral/neutral_help_20260325_071120.webm,4.14,2.88
dataset/nepali_dataset_preprocessed/neutral/neutral_help_20260325_071133.wav,neutral,NEPALI,dataset/nepali_dataset/neutral/neutral_help_20260325_071133.webm,3.66,2.976
dataset/nepali_dataset_preprocessed/neutral/neutral_help_20260325_071652.wav,neutral,NEPALI,dataset/nepali_dataset/neutral/neutral_help_20260325_071652.mp4,4.3175,3.168
dataset/nepali_dataset_preprocessed/neutral/neutral_help_20260325_071742.wav,neutral,NEPALI,dataset/nepali_dataset/neutral/neutral_help_20260325_071742.mp4,4.3871,2.112
dataset/nepali_dataset_preprocessed/neutral/neutral_help_20260325_071801.wav,neutral,NEPALI,dataset/nepali_dataset/neutral/neutral_help_20260325_071801.mp4,3.9924,2.56
dataset/nepali_dataset_preprocessed/neutral/neutral_help_20260325_072317.wav,neutral,NEPALI,dataset/nepali_dataset/neutral/neutral_help_20260325_072317.webm,3.24,1.216
dataset/nepali_dataset_preprocessed/neutral/neutral_help_20260325_072326.wav,neutral,NEPALI,dataset/nepali_dataset/neutral/neutral_help_20260325_072326.webm,3.12,1.344
dataset/nepali_dataset_preprocessed/neutral/neutral_help_20260325_072334.wav,neutral,NEPALI,dataset/nepali_dataset/neutral/neutral_help_20260325_072334.webm,2.82,1.568
dataset/nepali_dataset_preprocessed/neutral/neutral_help_20260325_072342.wav,neutral,NEPALI,dataset/nepali_dataset/neutral/neutral_help_20260325_072342.webm,3.12,2.048
dataset/nepali_dataset_preprocessed/neutral/neutral_help_20260325_072347.wav,neutral,NEPALI,dataset/nepali_dataset/neutral/neutral_help_20260325_072347.webm,3.06,1.952
dataset/nepali_dataset_preprocessed/neutral/neutral_help_20260325_072351.wav,neutral,NEPALI,dataset/nepali_dataset/neutral/neutral_help_20260325_072351.webm,3.96,2.272
dataset/nepali_dataset_preprocessed/neutral/neutral_help_20260325_072400.wav,neutral,NEPALI,dataset/nepali_dataset/neutral/neutral_help_20260325_072400.webm,4.26,2.464
dataset/nepali_dataset_preprocessed/neutral/neutral_help_20260325_072420.wav,neutral,NEPALI,dataset/nepali_dataset/neutral/neutral_help_20260325_072420.webm,2.1,1.812
dataset/nepali_dataset_preprocessed/neutral/neutral_help_20260325_072432.wav,neutral,NEPALI,dataset/nepali_dataset/neutral/neutral_help_20260325_072432.webm,2.34,1.828
dataset/nepali_dataset_preprocessed/neutral/neutral_help_20260325_072441.wav,neutral,NEPALI,dataset/nepali_dataset/neutral/neutral_help_20260325_072441.webm,4.74,2.144
dataset/nepali_dataset_preprocessed/neutral/neutral_help_20260325_072451.wav,neutral,NEPALI,dataset/nepali_dataset/neutral/neutral_help_20260325_072451.webm,2.76,2.048
dataset/nepali_dataset_preprocessed/neutral/neutral_help_20260325_072459.wav,neutral,NEPALI,dataset/nepali_dataset/neutral/neutral_help_20260325_072459.webm,2.82,2.496
dataset/nepali_dataset_preprocessed/neutral/neutral_help_20260325_072715.wav,neutral,NEPALI,dataset/nepali_dataset/neutral/neutral_help_20260325_072715.webm,2.16,0.96
dataset/nepali_dataset_preprocessed/neutral/neutral_help_20260325_072727.wav,neutral,NEPALI,dataset/nepali_dataset/neutral/neutral_help_20260325_072727.webm,2.4,1.408
dataset/nepali_dataset_preprocessed/neutral/neutral_help_20260325_073317.wav,neutral,NEPALI,dataset/nepali_dataset/neutral/neutral_help_20260325_073317.webm,1.92,1.28
dataset/nepali_dataset_preprocessed/neutral/neutral_help_20260325_073327.wav,neutral,NEPALI,dataset/nepali_dataset/neutral/neutral_help_20260325_073327.webm,2.04,1.6
dataset/nepali_dataset_preprocessed/neutral/neutral_help_20260325_073338.wav,neutral,NEPALI,dataset/nepali_dataset/neutral/neutral_help_20260325_073338.webm,1.98,1.792
dataset/nepali_dataset_preprocessed/neutral/neutral_help_20260325_073348.wav,neutral,NEPALI,dataset/nepali_dataset/neutral/neutral_help_20260325_073348.webm,2.76,1.888
dataset/nepali_dataset_preprocessed/neutral/neutral_help_20260325_074101.wav,neutral,NEPALI,dataset/nepali_dataset/neutral/neutral_help_20260325_074101.webm,3.12,2.016
dataset/nepali_dataset_preprocessed/neutral/neutral_help_20260325_074108.wav,neutral,NEPALI,dataset/nepali_dataset/neutral/neutral_help_20260325_074108.webm,3.12,2.016
dataset/nepali_dataset_preprocessed/neutral/neutral_help_20260325_074130.wav,neutral,NEPALI,dataset/nepali_dataset/neutral/neutral_help_20260325_074130.webm,3.3,2.624
dataset/nepali_dataset_preprocessed/neutral/neutral_help_20260325_074138.wav,neutral,NEPALI,dataset/nepali_dataset/neutral/neutral_help_20260325_074138.webm,2.76,2.272
dataset/nepali_dataset_preprocessed/neutral/neutral_help_20260325_074145.wav,neutral,NEPALI,dataset/nepali_dataset/neutral/neutral_help_20260325_074145.webm,2.34,1.824
dataset/nepali_dataset_preprocessed/neutral/neutral_help_20260325_074153.wav,neutral,NEPALI,dataset/nepali_dataset/neutral/neutral_help_20260325_074153.webm,3.24,2.56
dataset/nepali_dataset_preprocessed/neutral/neutral_help_20260325_074201.wav,neutral,NEPALI,dataset/nepali_dataset/neutral/neutral_help_20260325_074201.webm,2.82,1.984
dataset/nepali_dataset_preprocessed/neutral/neutral_help_20260325_074209.wav,neutral,NEPALI,dataset/nepali_dataset/neutral/neutral_help_20260325_074209.webm,2.4,1.824
dataset/nepali_dataset_preprocessed/neutral/neutral_help_20260325_074216.wav,neutral,NEPALI,dataset/nepali_dataset/neutral/neutral_help_20260325_074216.webm,2.76,2.432
dataset/nepali_dataset_preprocessed/neutral/neutral_help_20260325_074451.wav,neutral,NEPALI,dataset/nepali_dataset/neutral/neutral_help_20260325_074451.webm,3.18,1.792
dataset/nepali_dataset_preprocessed/neutral/neutral_help_20260325_074452.wav,neutral,NEPALI,dataset/nepali_dataset/neutral/neutral_help_20260325_074452.webm,3.18,1.792
dataset/nepali_dataset_preprocessed/neutral/neutral_help_20260325_074455.wav,neutral,NEPALI,dataset/nepali_dataset/neutral/neutral_help_20260325_074455.webm,3.18,1.792
dataset/nepali_dataset_preprocessed/neutral/neutral_help_20260325_074703.wav,neutral,NEPALI,dataset/nepali_dataset/neutral/neutral_help_20260325_074703.webm,5.52,4.144
dataset/nepali_dataset_preprocessed/neutral/neutral_help_20260325_074716.wav,neutral,NEPALI,dataset/nepali_dataset/neutral/neutral_help_20260325_074716.webm,4.44,1.784
dataset/nepali_dataset_preprocessed/neutral/neutral_help_20260325_074719.wav,neutral,NEPALI,dataset/nepali_dataset/neutral/neutral_help_20260325_074719.webm,4.44,1.784
dataset/nepali_dataset_preprocessed/neutral/neutral_help_20260325_075051.wav,neutral,NEPALI,dataset/nepali_dataset/neutral/neutral_help_20260325_075051.webm,2.22,1.152
dataset/nepali_dataset_preprocessed/neutral/neutral_help_20260325_075055.wav,neutral,NEPALI,dataset/nepali_dataset/neutral/neutral_help_20260325_075055.webm,2.22,1.152
dataset/nepali_dataset_preprocessed/neutral/neutral_help_20260325_075108.wav,neutral,NEPALI,dataset/nepali_dataset/neutral/neutral_help_20260325_075108.webm,3.9,1.12
dataset/nepali_dataset_preprocessed/neutral/neutral_help_20260325_075118.wav,neutral,NEPALI,dataset/nepali_dataset/neutral/neutral_help_20260325_075118.webm,1.92,1.216
dataset/nepali_dataset_preprocessed/neutral/neutral_help_20260325_075128.wav,neutral,NEPALI,dataset/nepali_dataset/neutral/neutral_help_20260325_075128.webm,2.4,1.472
dataset/nepali_dataset_preprocessed/neutral/neutral_help_20260325_075141.wav,neutral,NEPALI,dataset/nepali_dataset/neutral/neutral_help_20260325_075141.webm,2.4,1.856
dataset/nepali_dataset_preprocessed/neutral/neutral_help_20260325_075150.wav,neutral,NEPALI,dataset/nepali_dataset/neutral/neutral_help_20260325_075150.webm,2.46,1.984
dataset/nepali_dataset_preprocessed/angry/angry_help_20260324_175027.wav,angry,NEPALI,dataset/nepali_dataset/angry/angry_help_20260324_175027.webm,3.66,2.048
dataset/nepali_dataset_preprocessed/angry/angry_help_20260324_175434.wav,angry,NEPALI,dataset/nepali_dataset/angry/angry_help_20260324_175434.webm,4.2,2.112
dataset/nepali_dataset_preprocessed/angry/angry_help_20260324_175903.wav,angry,NEPALI,dataset/nepali_dataset/angry/angry_help_20260324_175903.webm,3.42,1.408
dataset/nepali_dataset_preprocessed/angry/angry_help_20260324_181025.wav,angry,NEPALI,dataset/nepali_dataset/angry/angry_help_20260324_181025.webm,2.46,1.376
dataset/nepali_dataset_preprocessed/angry/angry_help_20260324_181209.wav,angry,NEPALI,dataset/nepali_dataset/angry/angry_help_20260324_181209.webm,1.38,0.996
dataset/nepali_dataset_preprocessed/angry/angry_help_20260324_182007.wav,angry,NEPALI,dataset/nepali_dataset/angry/angry_help_20260324_182007.webm,3.9,2.208
dataset/nepali_dataset_preprocessed/angry/angry_help_20260324_182030.wav,angry,NEPALI,dataset/nepali_dataset/angry/angry_help_20260324_182030.webm,3.96,2.272
dataset/nepali_dataset_preprocessed/angry/angry_help_20260325_022646.wav,angry,NEPALI,dataset/nepali_dataset/angry/angry_help_20260325_022646.webm,2.76,1.344
dataset/nepali_dataset_preprocessed/angry/angry_help_20260325_022708.wav,angry,NEPALI,dataset/nepali_dataset/angry/angry_help_20260325_022708.webm,3.12,1.632
dataset/nepali_dataset_preprocessed/angry/angry_help_20260325_022739.wav,angry,NEPALI,dataset/nepali_dataset/angry/angry_help_20260325_022739.webm,2.76,1.856
dataset/nepali_dataset_preprocessed/angry/angry_help_20260325_022753.wav,angry,NEPALI,dataset/nepali_dataset/angry/angry_help_20260325_022753.webm,3.12,1.76
dataset/nepali_dataset_preprocessed/angry/angry_help_20260325_022816.wav,angry,NEPALI,dataset/nepali_dataset/angry/angry_help_20260325_022816.webm,4.2,2.528
dataset/nepali_dataset_preprocessed/angry/angry_help_20260325_022859.wav,angry,NEPALI,dataset/nepali_dataset/angry/angry_help_20260325_022859.webm,5.16,2.176
dataset/nepali_dataset_preprocessed/angry/angry_help_20260325_024227.wav,angry,NEPALI,dataset/nepali_dataset/angry/angry_help_20260325_024227.webm,3.18,2.24
dataset/nepali_dataset_preprocessed/angry/angry_help_20260325_063031.wav,angry,NEPALI,dataset/nepali_dataset/angry/angry_help_20260325_063031.webm,3.12,1.024
dataset/nepali_dataset_preprocessed/angry/angry_help_20260325_063053.wav,angry,NEPALI,dataset/nepali_dataset/angry/angry_help_20260325_063053.mp4,2.3438,1.088
dataset/nepali_dataset_preprocessed/angry/angry_help_20260325_063208.wav,angry,NEPALI,dataset/nepali_dataset/angry/angry_help_20260325_063208.webm,3.78,1.088
dataset/nepali_dataset_preprocessed/angry/angry_help_20260325_063211.wav,angry,NEPALI,dataset/nepali_dataset/angry/angry_help_20260325_063211.webm,3.78,1.088
dataset/nepali_dataset_preprocessed/angry/angry_help_20260325_063314.wav,angry,NEPALI,dataset/nepali_dataset/angry/angry_help_20260325_063314.mp4,2.4134,1.408
dataset/nepali_dataset_preprocessed/angry/angry_help_20260325_063320.wav,angry,NEPALI,dataset/nepali_dataset/angry/angry_help_20260325_063320.webm,2.22,0.928
dataset/nepali_dataset_preprocessed/angry/angry_help_20260325_063328.wav,angry,NEPALI,dataset/nepali_dataset/angry/angry_help_20260325_063328.webm,2.46,1.6
dataset/nepali_dataset_preprocessed/angry/angry_help_20260325_063337.wav,angry,NEPALI,dataset/nepali_dataset/angry/angry_help_20260325_063337.mp4,2.2277,1.088
dataset/nepali_dataset_preprocessed/angry/angry_help_20260325_063339.wav,angry,NEPALI,dataset/nepali_dataset/angry/angry_help_20260325_063339.webm,2.04,0.992
dataset/nepali_dataset_preprocessed/angry/angry_help_20260325_063433.wav,angry,NEPALI,dataset/nepali_dataset/angry/angry_help_20260325_063433.webm,2.22,1.024
dataset/nepali_dataset_preprocessed/angry/angry_help_20260325_063444.wav,angry,NEPALI,dataset/nepali_dataset/angry/angry_help_20260325_063444.webm,3.06,1.248
dataset/nepali_dataset_preprocessed/angry/angry_help_20260325_063456.wav,angry,NEPALI,dataset/nepali_dataset/angry/angry_help_20260325_063456.webm,2.7,1.184
dataset/nepali_dataset_preprocessed/angry/angry_help_20260325_063506.wav,angry,NEPALI,dataset/nepali_dataset/angry/angry_help_20260325_063506.webm,3.6,1.344
dataset/nepali_dataset_preprocessed/angry/angry_help_20260325_063826.wav,angry,NEPALI,dataset/nepali_dataset/angry/angry_help_20260325_063826.webm,2.16,1.664
dataset/nepali_dataset_preprocessed/angry/angry_help_20260325_063836.wav,angry,NEPALI,dataset/nepali_dataset/angry/angry_help_20260325_063836.webm,2.16,1.536
dataset/nepali_dataset_preprocessed/angry/angry_help_20260325_064052.wav,angry,NEPALI,dataset/nepali_dataset/angry/angry_help_20260325_064052.webm,2.4,1.536
dataset/nepali_dataset_preprocessed/angry/angry_help_20260325_064059.wav,angry,NEPALI,dataset/nepali_dataset/angry/angry_help_20260325_064059.webm,2.52,1.664
dataset/nepali_dataset_preprocessed/angry/angry_help_20260325_064308.wav,angry,NEPALI,dataset/nepali_dataset/angry/angry_help_20260325_064308.webm,2.82,2.208
dataset/nepali_dataset_preprocessed/angry/angry_help_20260325_064316.wav,angry,NEPALI,dataset/nepali_dataset/angry/angry_help_20260325_064316.webm,3.24,2.24
dataset/nepali_dataset_preprocessed/angry/angry_help_20260325_064317.wav,angry,NEPALI,dataset/nepali_dataset/angry/angry_help_20260325_064317.webm,3.24,2.24
dataset/nepali_dataset_preprocessed/angry/angry_help_20260325_065102.wav,angry,NEPALI,dataset/nepali_dataset/angry/angry_help_20260325_065102.webm,3.12,1.28
dataset/nepali_dataset_preprocessed/angry/angry_help_20260325_065508.wav,angry,NEPALI,dataset/nepali_dataset/angry/angry_help_20260325_065508.mp4,5.972,2.528
dataset/nepali_dataset_preprocessed/angry/angry_help_20260325_065632.wav,angry,NEPALI,dataset/nepali_dataset/angry/angry_help_20260325_065632.webm,3.0,1.696
dataset/nepali_dataset_preprocessed/angry/angry_help_20260325_065921.wav,angry,NEPALI,dataset/nepali_dataset/angry/angry_help_20260325_065921.webm,2.7,1.536
dataset/nepali_dataset_preprocessed/angry/angry_help_20260325_065939.wav,angry,NEPALI,dataset/nepali_dataset/angry/angry_help_20260325_065939.webm,3.96,1.856
dataset/nepali_dataset_preprocessed/angry/angry_help_20260325_065940.wav,angry,NEPALI,dataset/nepali_dataset/angry/angry_help_20260325_065940.webm,1.92,1.344
dataset/nepali_dataset_preprocessed/angry/angry_help_20260325_065954.wav,angry,NEPALI,dataset/nepali_dataset/angry/angry_help_20260325_065954.webm,2.82,1.344
dataset/nepali_dataset_preprocessed/angry/angry_help_20260325_070035.wav,angry,NEPALI,dataset/nepali_dataset/angry/angry_help_20260325_070035.webm,3.06,1.824
dataset/nepali_dataset_preprocessed/angry/angry_help_20260325_070051.wav,angry,NEPALI,dataset/nepali_dataset/angry/angry_help_20260325_070051.webm,2.94,1.6
dataset/nepali_dataset_preprocessed/angry/angry_help_20260325_070253.wav,angry,NEPALI,dataset/nepali_dataset/angry/angry_help_20260325_070253.webm,2.76,1.12
dataset/nepali_dataset_preprocessed/angry/angry_help_20260325_070306.wav,angry,NEPALI,dataset/nepali_dataset/angry/angry_help_20260325_070306.webm,2.52,1.184
dataset/nepali_dataset_preprocessed/angry/angry_help_20260325_070345.wav,angry,NEPALI,dataset/nepali_dataset/angry/angry_help_20260325_070345.webm,2.46,1.536
dataset/nepali_dataset_preprocessed/angry/angry_help_20260325_070355.wav,angry,NEPALI,dataset/nepali_dataset/angry/angry_help_20260325_070355.webm,3.3,1.76
dataset/nepali_dataset_preprocessed/angry/angry_help_20260325_070848.wav,angry,NEPALI,dataset/nepali_dataset/angry/angry_help_20260325_070848.webm,3.12,1.12
dataset/nepali_dataset_preprocessed/angry/angry_help_20260325_070905.wav,angry,NEPALI,dataset/nepali_dataset/angry/angry_help_20260325_070905.webm,2.46,1.632
dataset/nepali_dataset_preprocessed/angry/angry_help_20260325_070912.wav,angry,NEPALI,dataset/nepali_dataset/angry/angry_help_20260325_070912.mp4,1.7401,1.12
dataset/nepali_dataset_preprocessed/angry/angry_help_20260325_070921.wav,angry,NEPALI,dataset/nepali_dataset/angry/angry_help_20260325_070921.webm,2.58,1.824
dataset/nepali_dataset_preprocessed/angry/angry_help_20260325_070935.wav,angry,NEPALI,dataset/nepali_dataset/angry/angry_help_20260325_070935.mp4,2.1116,1.152
dataset/nepali_dataset_preprocessed/angry/angry_help_20260325_070947.wav,angry,NEPALI,dataset/nepali_dataset/angry/angry_help_20260325_070947.webm,2.1,1.472
dataset/nepali_dataset_preprocessed/angry/angry_help_20260325_071003.wav,angry,NEPALI,dataset/nepali_dataset/angry/angry_help_20260325_071003.webm,2.22,1.6
dataset/nepali_dataset_preprocessed/angry/angry_help_20260325_071009.wav,angry,NEPALI,dataset/nepali_dataset/angry/angry_help_20260325_071009.mp4,2.7153,1.344
dataset/nepali_dataset_preprocessed/angry/angry_help_20260325_071015.wav,angry,NEPALI,dataset/nepali_dataset/angry/angry_help_20260325_071015.webm,2.58,2.144
dataset/nepali_dataset_preprocessed/angry/angry_help_20260325_071048.wav,angry,NEPALI,dataset/nepali_dataset/angry/angry_help_20260325_071048.mp4,2.2045,1.152
dataset/nepali_dataset_preprocessed/angry/angry_help_20260325_071540.wav,angry,NEPALI,dataset/nepali_dataset/angry/angry_help_20260325_071540.webm,2.52,1.376
dataset/nepali_dataset_preprocessed/angry/angry_help_20260325_071556.wav,angry,NEPALI,dataset/nepali_dataset/angry/angry_help_20260325_071556.webm,3.78,1.504
dataset/nepali_dataset_preprocessed/angry/angry_help_20260325_071602.wav,angry,NEPALI,dataset/nepali_dataset/angry/angry_help_20260325_071602.webm,3.78,1.504
dataset/nepali_dataset_preprocessed/angry/angry_help_20260325_071619.wav,angry,NEPALI,dataset/nepali_dataset/angry/angry_help_20260325_071619.webm,2.58,1.408
dataset/nepali_dataset_preprocessed/angry/angry_help_20260325_071629.wav,angry,NEPALI,dataset/nepali_dataset/angry/angry_help_20260325_071629.webm,2.34,1.408
dataset/nepali_dataset_preprocessed/angry/angry_help_20260325_071642.wav,angry,NEPALI,dataset/nepali_dataset/angry/angry_help_20260325_071642.webm,3.0,1.888
dataset/nepali_dataset_preprocessed/angry/angry_help_20260325_071708.wav,angry,NEPALI,dataset/nepali_dataset/angry/angry_help_20260325_071708.webm,3.12,2.016
dataset/nepali_dataset_preprocessed/angry/angry_help_20260325_071807.wav,angry,NEPALI,dataset/nepali_dataset/angry/angry_help_20260325_071807.webm,4.74,1.664
dataset/nepali_dataset_preprocessed/angry/angry_help_20260325_071808.wav,angry,NEPALI,dataset/nepali_dataset/angry/angry_help_20260325_071808.webm,4.74,1.664
dataset/nepali_dataset_preprocessed/angry/angry_help_20260325_071829.wav,angry,NEPALI,dataset/nepali_dataset/angry/angry_help_20260325_071829.webm,4.26,1.536
dataset/nepali_dataset_preprocessed/angry/angry_help_20260325_071845.wav,angry,NEPALI,dataset/nepali_dataset/angry/angry_help_20260325_071845.webm,4.2,1.664
dataset/nepali_dataset_preprocessed/angry/angry_help_20260325_071857.wav,angry,NEPALI,dataset/nepali_dataset/angry/angry_help_20260325_071857.webm,3.6,1.504
dataset/nepali_dataset_preprocessed/angry/angry_help_20260325_071915.wav,angry,NEPALI,dataset/nepali_dataset/angry/angry_help_20260325_071915.webm,4.38,1.664
dataset/nepali_dataset_preprocessed/angry/angry_help_20260325_071925.wav,angry,NEPALI,dataset/nepali_dataset/angry/angry_help_20260325_071925.webm,4.32,1.824
dataset/nepali_dataset_preprocessed/angry/angry_help_20260325_072241.wav,angry,NEPALI,dataset/nepali_dataset/angry/angry_help_20260325_072241.webm,2.64,1.504
dataset/nepali_dataset_preprocessed/angry/angry_help_20260325_072301.wav,angry,NEPALI,dataset/nepali_dataset/angry/angry_help_20260325_072301.webm,3.48,1.504
dataset/nepali_dataset_preprocessed/angry/angry_help_20260325_072828.wav,angry,NEPALI,dataset/nepali_dataset/angry/angry_help_20260325_072828.webm,2.94,1.664
dataset/nepali_dataset_preprocessed/angry/angry_help_20260325_072847.wav,angry,NEPALI,dataset/nepali_dataset/angry/angry_help_20260325_072847.webm,2.22,1.056
dataset/nepali_dataset_preprocessed/angry/angry_help_20260325_072902.wav,angry,NEPALI,dataset/nepali_dataset/angry/angry_help_20260325_072902.webm,3.6,2.112
dataset/nepali_dataset_preprocessed/angry/angry_help_20260325_072912.wav,angry,NEPALI,dataset/nepali_dataset/angry/angry_help_20260325_072912.webm,2.58,1.536
dataset/nepali_dataset_preprocessed/angry/angry_help_20260325_073120.wav,angry,NEPALI,dataset/nepali_dataset/angry/angry_help_20260325_073120.webm,3.6,1.536
dataset/nepali_dataset_preprocessed/angry/angry_help_20260325_073321.wav,angry,NEPALI,dataset/nepali_dataset/angry/angry_help_20260325_073321.webm,3.0,1.824
dataset/nepali_dataset_preprocessed/angry/angry_help_20260325_073340.wav,angry,NEPALI,dataset/nepali_dataset/angry/angry_help_20260325_073340.webm,4.08,2.336
dataset/nepali_dataset_preprocessed/angry/angry_help_20260325_073454.wav,angry,NEPALI,dataset/nepali_dataset/angry/angry_help_20260325_073454.webm,2.94,1.632
dataset/nepali_dataset_preprocessed/angry/angry_help_20260325_073505.wav,angry,NEPALI,dataset/nepali_dataset/angry/angry_help_20260325_073505.webm,2.76,1.76
dataset/nepali_dataset_preprocessed/angry/angry_help_20260325_073516.wav,angry,NEPALI,dataset/nepali_dataset/angry/angry_help_20260325_073516.webm,3.78,2.592
dataset/nepali_dataset_preprocessed/angry/angry_help_20260325_073633.wav,angry,NEPALI,dataset/nepali_dataset/angry/angry_help_20260325_073633.mp4,6.3774,1.632
dataset/nepali_dataset_preprocessed/angry/angry_help_20260325_073636.wav,angry,NEPALI,dataset/nepali_dataset/angry/angry_help_20260325_073636.mp4,6.3774,1.632
dataset/nepali_dataset_preprocessed/angry/angry_help_20260325_073638.wav,angry,NEPALI,dataset/nepali_dataset/angry/angry_help_20260325_073638.mp4,6.3774,1.632
dataset/nepali_dataset_preprocessed/angry/angry_help_20260325_074203.wav,angry,NEPALI,dataset/nepali_dataset/angry/angry_help_20260325_074203.webm,4.56,1.568
dataset/nepali_dataset_preprocessed/angry/angry_help_20260325_074204.wav,angry,NEPALI,dataset/nepali_dataset/angry/angry_help_20260325_074204.webm,4.56,1.568
dataset/nepali_dataset_preprocessed/angry/angry_help_20260325_074313.wav,angry,NEPALI,dataset/nepali_dataset/angry/angry_help_20260325_074313.webm,1.8,1.088
dataset/nepali_dataset_preprocessed/angry/angry_help_20260325_074325.wav,angry,NEPALI,dataset/nepali_dataset/angry/angry_help_20260325_074325.webm,2.16,1.184
dataset/nepali_dataset_preprocessed/angry/angry_help_20260325_074335.wav,angry,NEPALI,dataset/nepali_dataset/angry/angry_help_20260325_074335.webm,2.7,1.12
dataset/nepali_dataset_preprocessed/angry/angry_help_20260325_074349.wav,angry,NEPALI,dataset/nepali_dataset/angry/angry_help_20260325_074349.webm,2.64,1.216
dataset/nepali_dataset_preprocessed/angry/angry_help_20260325_074409.wav,angry,NEPALI,dataset/nepali_dataset/angry/angry_help_20260325_074409.webm,2.46,1.696
dataset/nepali_dataset_preprocessed/angry/angry_help_20260325_074417.wav,angry,NEPALI,dataset/nepali_dataset/angry/angry_help_20260325_074417.webm,2.94,1.856
dataset/nepali_dataset_preprocessed/angry/angry_help_20260325_074550.wav,angry,NEPALI,dataset/nepali_dataset/angry/angry_help_20260325_074550.webm,3.9,1.376
dataset/nepali_dataset_preprocessed/angry/angry_help_20260325_074820.wav,angry,NEPALI,dataset/nepali_dataset/angry/angry_help_20260325_074820.webm,5.16,2.848
dataset/nepali_dataset_preprocessed/disgust/disgust_help_20260324_175514.wav,disgust,NEPALI,dataset/nepali_dataset/disgust/disgust_help_20260324_175514.webm,3.36,1.856
dataset/nepali_dataset_preprocessed/disgust/disgust_help_20260324_175917.wav,disgust,NEPALI,dataset/nepali_dataset/disgust/disgust_help_20260324_175917.webm,2.76,1.536
dataset/nepali_dataset_preprocessed/disgust/disgust_help_20260324_181034.wav,disgust,NEPALI,dataset/nepali_dataset/disgust/disgust_help_20260324_181034.webm,2.76,1.248
dataset/nepali_dataset_preprocessed/disgust/disgust_help_20260324_181042.wav,disgust,NEPALI,dataset/nepali_dataset/disgust/disgust_help_20260324_181042.webm,2.7,1.312
dataset/nepali_dataset_preprocessed/disgust/disgust_help_20260324_182041.wav,disgust,NEPALI,dataset/nepali_dataset/disgust/disgust_help_20260324_182041.webm,4.26,2.432
dataset/nepali_dataset_preprocessed/disgust/disgust_help_20260324_182050.wav,disgust,NEPALI,dataset/nepali_dataset/disgust/disgust_help_20260324_182050.webm,4.56,2.528
dataset/nepali_dataset_preprocessed/disgust/disgust_help_20260324_182136.wav,disgust,NEPALI,dataset/nepali_dataset/disgust/disgust_help_20260324_182136.webm,3.84,2.304
dataset/nepali_dataset_preprocessed/disgust/disgust_help_20260325_022935.wav,disgust,NEPALI,dataset/nepali_dataset/disgust/disgust_help_20260325_022935.webm,2.58,1.696
dataset/nepali_dataset_preprocessed/disgust/disgust_help_20260325_023041.wav,disgust,NEPALI,dataset/nepali_dataset/disgust/disgust_help_20260325_023041.webm,2.94,2.496
dataset/nepali_dataset_preprocessed/disgust/disgust_help_20260325_023056.wav,disgust,NEPALI,dataset/nepali_dataset/disgust/disgust_help_20260325_023056.webm,3.6,1.696
dataset/nepali_dataset_preprocessed/disgust/disgust_help_20260325_023111.wav,disgust,NEPALI,dataset/nepali_dataset/disgust/disgust_help_20260325_023111.webm,4.02,2.208
dataset/nepali_dataset_preprocessed/disgust/disgust_help_20260325_023133.wav,disgust,NEPALI,dataset/nepali_dataset/disgust/disgust_help_20260325_023133.webm,3.72,2.464
dataset/nepali_dataset_preprocessed/disgust/disgust_help_20260325_023150.wav,disgust,NEPALI,dataset/nepali_dataset/disgust/disgust_help_20260325_023150.webm,4.08,2.4
dataset/nepali_dataset_preprocessed/disgust/disgust_help_20260325_063040.wav,disgust,NEPALI,dataset/nepali_dataset/disgust/disgust_help_20260325_063040.webm,3.42,1.312
dataset/nepali_dataset_preprocessed/disgust/disgust_help_20260325_063223.wav,disgust,NEPALI,dataset/nepali_dataset/disgust/disgust_help_20260325_063223.webm,3.0,1.248
dataset/nepali_dataset_preprocessed/disgust/disgust_help_20260325_063338.wav,disgust,NEPALI,dataset/nepali_dataset/disgust/disgust_help_20260325_063338.webm,3.06,1.824
dataset/nepali_dataset_preprocessed/disgust/disgust_help_20260325_063846.wav,disgust,NEPALI,dataset/nepali_dataset/disgust/disgust_help_20260325_063846.webm,2.4,1.696
dataset/nepali_dataset_preprocessed/disgust/disgust_help_20260325_063854.wav,disgust,NEPALI,dataset/nepali_dataset/disgust/disgust_help_20260325_063854.webm,2.94,1.728
dataset/nepali_dataset_preprocessed/disgust/disgust_help_20260325_064107.wav,disgust,NEPALI,dataset/nepali_dataset/disgust/disgust_help_20260325_064107.webm,2.52,1.536
dataset/nepali_dataset_preprocessed/disgust/disgust_help_20260325_064114.wav,disgust,NEPALI,dataset/nepali_dataset/disgust/disgust_help_20260325_064114.webm,2.34,1.6
dataset/nepali_dataset_preprocessed/disgust/disgust_help_20260325_064327.wav,disgust,NEPALI,dataset/nepali_dataset/disgust/disgust_help_20260325_064327.webm,3.42,2.272
dataset/nepali_dataset_preprocessed/disgust/disgust_help_20260325_064335.wav,disgust,NEPALI,dataset/nepali_dataset/disgust/disgust_help_20260325_064335.webm,3.0,2.4
dataset/nepali_dataset_preprocessed/disgust/disgust_help_20260325_065154.wav,disgust,NEPALI,dataset/nepali_dataset/disgust/disgust_help_20260325_065154.webm,2.88,1.536
dataset/nepali_dataset_preprocessed/disgust/disgust_help_20260325_065655.wav,disgust,NEPALI,dataset/nepali_dataset/disgust/disgust_help_20260325_065655.webm,5.04,1.888
dataset/nepali_dataset_preprocessed/disgust/disgust_help_20260325_065851.wav,disgust,NEPALI,dataset/nepali_dataset/disgust/disgust_help_20260325_065851.webm,3.9,1.888
dataset/nepali_dataset_preprocessed/disgust/disgust_help_20260325_070301.wav,disgust,NEPALI,dataset/nepali_dataset/disgust/disgust_help_20260325_070301.webm,1.92,1.344
dataset/nepali_dataset_preprocessed/disgust/disgust_help_20260325_070312.wav,disgust,NEPALI,dataset/nepali_dataset/disgust/disgust_help_20260325_070312.webm,2.58,1.504
dataset/nepali_dataset_preprocessed/disgust/disgust_help_20260325_071243.wav,disgust,NEPALI,dataset/nepali_dataset/disgust/disgust_help_20260325_071243.webm,2.88,1.664
dataset/nepali_dataset_preprocessed/disgust/disgust_help_20260325_071250.wav,disgust,NEPALI,dataset/nepali_dataset/disgust/disgust_help_20260325_071250.webm,2.94,1.92
dataset/nepali_dataset_preprocessed/disgust/disgust_help_20260325_071300.wav,disgust,NEPALI,dataset/nepali_dataset/disgust/disgust_help_20260325_071300.webm,3.78,1.312
dataset/nepali_dataset_preprocessed/disgust/disgust_help_20260325_071308.wav,disgust,NEPALI,dataset/nepali_dataset/disgust/disgust_help_20260325_071308.webm,2.82,1.12
dataset/nepali_dataset_preprocessed/disgust/disgust_help_20260325_071318.wav,disgust,NEPALI,dataset/nepali_dataset/disgust/disgust_help_20260325_071318.webm,3.18,1.824
dataset/nepali_dataset_preprocessed/disgust/disgust_help_20260325_071329.wav,disgust,NEPALI,dataset/nepali_dataset/disgust/disgust_help_20260325_071329.webm,2.82,1.824
dataset/nepali_dataset_preprocessed/disgust/disgust_help_20260325_071606.wav,disgust,NEPALI,dataset/nepali_dataset/disgust/disgust_help_20260325_071606.webm,2.76,1.664
dataset/nepali_dataset_preprocessed/disgust/disgust_help_20260325_071615.wav,disgust,NEPALI,dataset/nepali_dataset/disgust/disgust_help_20260325_071615.webm,2.7,1.632
dataset/nepali_dataset_preprocessed/disgust/disgust_help_20260325_071625.wav,disgust,NEPALI,dataset/nepali_dataset/disgust/disgust_help_20260325_071625.webm,2.46,1.728
dataset/nepali_dataset_preprocessed/disgust/disgust_help_20260325_071632.wav,disgust,NEPALI,dataset/nepali_dataset/disgust/disgust_help_20260325_071632.webm,2.34,1.792
dataset/nepali_dataset_preprocessed/disgust/disgust_help_20260325_071659.wav,disgust,NEPALI,dataset/nepali_dataset/disgust/disgust_help_20260325_071659.webm,2.58,2.336
dataset/nepali_dataset_preprocessed/disgust/disgust_help_20260325_071713.wav,disgust,NEPALI,dataset/nepali_dataset/disgust/disgust_help_20260325_071713.webm,2.64,2.144
dataset/nepali_dataset_preprocessed/disgust/disgust_help_20260325_071820.wav,disgust,NEPALI,dataset/nepali_dataset/disgust/disgust_help_20260325_071820.webm,2.28,1.568
dataset/nepali_dataset_preprocessed/disgust/disgust_help_20260325_071825.wav,disgust,NEPALI,dataset/nepali_dataset/disgust/disgust_help_20260325_071825.mp4,2.7153,1.44
dataset/nepali_dataset_preprocessed/disgust/disgust_help_20260325_071832.wav,disgust,NEPALI,dataset/nepali_dataset/disgust/disgust_help_20260325_071832.webm,3.36,1.696
dataset/nepali_dataset_preprocessed/disgust/disgust_help_20260325_071841.wav,disgust,NEPALI,dataset/nepali_dataset/disgust/disgust_help_20260325_071841.webm,2.76,1.792
dataset/nepali_dataset_preprocessed/disgust/disgust_help_20260325_071844.wav,disgust,NEPALI,dataset/nepali_dataset/disgust/disgust_help_20260325_071844.mp4,3.0636,2.24
dataset/nepali_dataset_preprocessed/disgust/disgust_help_20260325_071856.wav,disgust,NEPALI,dataset/nepali_dataset/disgust/disgust_help_20260325_071856.webm,3.66,2.304
dataset/nepali_dataset_preprocessed/disgust/disgust_help_20260325_071900.wav,disgust,NEPALI,dataset/nepali_dataset/disgust/disgust_help_20260325_071900.mp4,3.4816,2.656
dataset/nepali_dataset_preprocessed/disgust/disgust_help_20260325_071918.wav,disgust,NEPALI,dataset/nepali_dataset/disgust/disgust_help_20260325_071918.mp4,2.0884,1.248
dataset/nepali_dataset_preprocessed/disgust/disgust_help_20260325_071921.wav,disgust,NEPALI,dataset/nepali_dataset/disgust/disgust_help_20260325_071921.webm,4.02,1.984
dataset/nepali_dataset_preprocessed/disgust/disgust_help_20260325_071937.wav,disgust,NEPALI,dataset/nepali_dataset/disgust/disgust_help_20260325_071937.mp4,3.4119,2.048
dataset/nepali_dataset_preprocessed/disgust/disgust_help_20260325_072406.wav,disgust,NEPALI,dataset/nepali_dataset/disgust/disgust_help_20260325_072406.webm,3.6,2.208
dataset/nepali_dataset_preprocessed/disgust/disgust_help_20260325_072424.wav,disgust,NEPALI,dataset/nepali_dataset/disgust/disgust_help_20260325_072424.webm,3.0,1.824
dataset/nepali_dataset_preprocessed/disgust/disgust_help_20260325_072929.wav,disgust,NEPALI,dataset/nepali_dataset/disgust/disgust_help_20260325_072929.webm,2.46,1.248
dataset/nepali_dataset_preprocessed/disgust/disgust_help_20260325_072940.wav,disgust,NEPALI,dataset/nepali_dataset/disgust/disgust_help_20260325_072940.webm,2.16,0.992
dataset/nepali_dataset_preprocessed/disgust/disgust_help_20260325_072955.wav,disgust,NEPALI,dataset/nepali_dataset/disgust/disgust_help_20260325_072955.webm,2.58,1.6
dataset/nepali_dataset_preprocessed/disgust/disgust_help_20260325_073009.wav,disgust,NEPALI,dataset/nepali_dataset/disgust/disgust_help_20260325_073009.webm,2.46,1.76
dataset/nepali_dataset_preprocessed/disgust/disgust_help_20260325_073536.wav,disgust,NEPALI,dataset/nepali_dataset/disgust/disgust_help_20260325_073536.webm,2.82,1.664
dataset/nepali_dataset_preprocessed/disgust/disgust_help_20260325_073540.wav,disgust,NEPALI,dataset/nepali_dataset/disgust/disgust_help_20260325_073540.webm,2.82,1.664
dataset/nepali_dataset_preprocessed/disgust/disgust_help_20260325_073543.wav,disgust,NEPALI,dataset/nepali_dataset/disgust/disgust_help_20260325_073543.webm,2.82,1.664
dataset/nepali_dataset_preprocessed/disgust/disgust_help_20260325_073559.wav,disgust,NEPALI,dataset/nepali_dataset/disgust/disgust_help_20260325_073559.webm,3.18,1.696
dataset/nepali_dataset_preprocessed/disgust/disgust_help_20260325_073616.wav,disgust,NEPALI,dataset/nepali_dataset/disgust/disgust_help_20260325_073616.webm,3.3,2.4
dataset/nepali_dataset_preprocessed/disgust/disgust_help_20260325_073626.wav,disgust,NEPALI,dataset/nepali_dataset/disgust/disgust_help_20260325_073626.webm,2.94,1.728
dataset/nepali_dataset_preprocessed/disgust/disgust_help_20260325_073632.wav,disgust,NEPALI,dataset/nepali_dataset/disgust/disgust_help_20260325_073632.webm,2.1,1.024
dataset/nepali_dataset_preprocessed/disgust/disgust_help_20260325_073639.wav,disgust,NEPALI,dataset/nepali_dataset/disgust/disgust_help_20260325_073639.webm,2.46,1.92
dataset/nepali_dataset_preprocessed/disgust/disgust_help_20260325_073640.wav,disgust,NEPALI,dataset/nepali_dataset/disgust/disgust_help_20260325_073640.webm,2.4,1.152
dataset/nepali_dataset_preprocessed/disgust/disgust_help_20260325_073650.wav,disgust,NEPALI,dataset/nepali_dataset/disgust/disgust_help_20260325_073650.webm,3.36,2.848
dataset/nepali_dataset_preprocessed/disgust/disgust_help_20260325_073815.wav,disgust,NEPALI,dataset/nepali_dataset/disgust/disgust_help_20260325_073815.webm,1.5,0.672
dataset/nepali_dataset_preprocessed/disgust/disgust_help_20260325_073823.wav,disgust,NEPALI,dataset/nepali_dataset/disgust/disgust_help_20260325_073823.webm,2.52,0.864
dataset/nepali_dataset_preprocessed/disgust/disgust_help_20260325_073831.wav,disgust,NEPALI,dataset/nepali_dataset/disgust/disgust_help_20260325_073831.webm,2.1,0.864
dataset/nepali_dataset_preprocessed/disgust/disgust_help_20260325_073838.wav,disgust,NEPALI,dataset/nepali_dataset/disgust/disgust_help_20260325_073838.webm,2.88,1.408
dataset/nepali_dataset_preprocessed/disgust/disgust_help_20260325_074601.wav,disgust,NEPALI,dataset/nepali_dataset/disgust/disgust_help_20260325_074601.webm,2.94,1.628
dataset/nepali_dataset_preprocessed/disgust/disgust_help_20260325_074602.wav,disgust,NEPALI,dataset/nepali_dataset/disgust/disgust_help_20260325_074602.webm,2.94,1.628
dataset/nepali_dataset_preprocessed/disgust/disgust_help_20260325_074837.wav,disgust,NEPALI,dataset/nepali_dataset/disgust/disgust_help_20260325_074837.webm,4.44,2.336
dataset/nepali_dataset_preprocessed/disgust/disgust_help_20260325_075325.wav,disgust,NEPALI,dataset/nepali_dataset/disgust/disgust_help_20260325_075325.webm,2.22,1.056
dataset/nepali_dataset_preprocessed/disgust/disgust_help_20260325_075334.wav,disgust,NEPALI,dataset/nepali_dataset/disgust/disgust_help_20260325_075334.webm,2.7,2.528
dataset/nepali_dataset_preprocessed/disgust/disgust_help_20260325_075442.wav,disgust,NEPALI,dataset/nepali_dataset/disgust/disgust_help_20260325_075442.webm,2.04,0.96
dataset/nepali_dataset_preprocessed/disgust/disgust_help_20260325_075504.wav,disgust,NEPALI,dataset/nepali_dataset/disgust/disgust_help_20260325_075504.webm,2.4,1.824
dataset/nepali_dataset_preprocessed/disgust/disgust_help_20260325_075514.wav,disgust,NEPALI,dataset/nepali_dataset/disgust/disgust_help_20260325_075514.webm,4.08,2.496
dataset/nepali_dataset_preprocessed/disgust/disgust_help_20260325_075528.wav,disgust,NEPALI,dataset/nepali_dataset/disgust/disgust_help_20260325_075528.webm,3.0,2.624
dataset/nepali_dataset_preprocessed/disgust/disgust_help_20260325_075538.wav,disgust,NEPALI,dataset/nepali_dataset/disgust/disgust_help_20260325_075538.webm,3.9,2.848
